,name,github_id,category,labels,pypi_id,github_url,homepage,license,created_at,updated_at,last_commit_pushed_at,commit_count,fork_count,watchers_count,pr_count,open_issue_count,closed_issue_count,star_count,latest_stable_release_published_at,latest_stable_release_number,github_release_downloads,monthly_downloads,release_count,description,dependent_project_count,github_dependent_project_count,contributor_count,projectrank,pypi_url,pypi_latest_release_published_at,pypi_dependent_project_count,pypi_monthly_downloads,show,projectrank_placing,npm_id,cargo_id,recent_commit_count,npm_url,npm_latest_release_published_at,npm_dependent_project_count,npm_monthly_downloads,cargo_url,cargo_latest_release_published_at,cargo_dependent_project_count,cargo_monthly_downloads,cargo_total_downloads,greasy_fork_id,greasy_fork_url,greasy_fork_code_url,greasy_fork_total_installs,greasy_fork_fan_score,trending,updated_github_id,go_id,go_url,go_latest_release_published_at,new_addition,maven_id,maven_url,maven_latest_release_published_at,go_dependent_project_count,codeberg_id,codeberg_url,maven_dependent_project_count,gitlab_id,gitlab_url
0,RenderCV,rendercv/rendercv,misc,['runnable'],rendercv,https://github.com/rendercv/rendercv,https://rendercv.com,MIT,2023-06-11 13:58:25.000,2026-05-01 00:11:29.000,2026-03-25 13:45:27,1961.0,1332.0,42.0,341.0,42.0,297.0,17449.0,2026-03-21 00:17:12.000,2.8,2375.0,153530.0,38.0,Resume builder for academics and engineers.,591.0,589.0,63.0,31,https://pypi.org/project/rendercv,2026-03-21 00:22:05,2.0,153461.0,True,1.0,,,,,,,,,,,,,,,,,,,,,,,,,,,,,,,,
1,typst.ts,Myriad-Dreamin/typst.ts,coding--compiler,"['api', 'cli', 'extension']",,https://github.com/Myriad-Dreamin/typst.ts,https://myriad-dreamin.github.io/typst.ts,Apache-2.0,2023-04-09 05:03:25.000,2026-08-30 13:06:11.000,2026-07-03 06:15:00,1436.0,80.0,3.0,698.0,53.0,100.0,1205.0,2026-06-01 21:38:06.000,0.7.0,7281.0,179441.66666666666,76.0,Run Typst in JavaScriptWorld.,56.0,3.0,41.0,28,,,,,True,1.0,@myriaddreamin/typst.ts,typst-ts-core,31.0,https://www.npmjs.com/package/@myriaddreamin/typst.ts,2026-06-29 13:49:42.002,39.0,178809.0,https://crates.io/crates/typst-ts-core,2024-07-15 21:33:04.328,14.0,450.6666666666667,26249.0,,,,,,,,,,,,,,,,,,,,
2,tinymist,Myriad-Dreamin/tinymist,writing--text,"['extension', 'cli', 'api']",,https://github.com/Myriad-Dreamin/tinymist,https://myriad-dreamin.github.io/tinymist,Apache-2.0,2024-03-06 21:30:21.000,2026-08-30 13:31:59.000,2026-08-29 20:21:46,1909.0,181.0,7.0,1966.0,211.0,569.0,3506.0,2026-08-26 02:59:03.031,0.15.4,66763.0,6282.0,70.0,Tinymist [ˈtaɪni mɪst] is an integrated language service for Typst [taɪpst].,3.0,,144.0,27,,,,,True,1.0,,tinymist-query,131.0,,,,,https://crates.io/crates/tinymist-query,2026-08-26 02:59:03.031,3.0,213.0,12565.0,,,,,,,,,,,,,,,,,,,,
3,Typlite,Myriad-Dreamin/tinymist,convert,['cli'],,https://github.com/Myriad-Dreamin/tinymist,https://crates.io/crates/typlite,Apache-2.0,2024-03-06 21:30:21.000,2026-08-30 13:31:59.000,2026-08-29 20:21:46,1909.0,181.0,7.0,1966.0,211.0,569.0,3506.0,2026-06-22 13:47:37.000,0.15.2,66772.0,6537.666666666667,86.0,"Converts a subset of typst to markdown, LaTeX, and Word.",3.0,,144.0,27,,,,,True,1.0,,typlite,131.0,,,,,https://crates.io/crates/typlite,2026-08-25 01:09:20.952,3.0,467.6666666666667,23312.0,,,,,,,,,,,,,,,,,,,,
4,typst-py,messense/typst-py,coding--compiler,['api'],typst,https://github.com/messense/typst-py,https://typst-py.readthedocs.io/en/latest/,Apache-2.0,2023-04-02 15:20:04.000,2026-08-01 11:53:05.000,2026-07-18 09:07:41,206.0,30.0,5.0,130.0,7.0,42.0,347.0,2026-06-16 13:01:32.000,0.15.0,,631877.0,41.0,Python binding to typst.,82.0,,30.0,27,https://pypi.org/project/typst,2026-06-16 13:01:32,82.0,631877.0,True,1.0,,,11.0,,,,,,,,,,,,,,,,,,,,,,,,,,,,,
5,typstyle,typstyle-rs/typstyle,writing--assist,"['cli', 'extension', 'web', 'api']",,https://github.com/typstyle-rs/typstyle,https://typstyle-rs.github.io/typstyle/,Apache-2.0,2024-03-09 04:46:08.000,2026-01-11 11:55:36.000,2026-07-28 15:54:26,574.0,29.0,2.0,345.0,32.0,116.0,880.0,2026-08-02 05:52:29.000,0.15.1,122298.0,17963.0,50.0,Beautiful and reliable typst code formatter.,13.0,3.0,26.0,23,,,,,True,1.0,@typstyle/typstyle-wasm-bundler,typstyle-core,24.0,https://www.npmjs.com/package/@typstyle/typstyle-wasm-bundler,2026-08-02 05:50:10.270,2.0,6465.0,https://crates.io/crates/typstyle-core,2026-08-02 05:49:44.555,8.0,6969.0,92737.0,542164.0,https://greasyfork.org/scripts/542164,https://update.greasyfork.org/scripts/542164/typstyle-tampermonkey.user.js,35.0,20.7,,,,,,,,,,,,,,,
6,TexText,textext/textext,mix,['extension'],,https://github.com/textext/textext,https://textext.github.io/textext/,BSD-3-Clause,2018-01-19 09:22:15.000,2026-08-06 12:20:54.000,2026-01-06 14:39:34,1302.0,50.0,11.0,180.0,24.0,286.0,1092.0,2026-01-06 14:54:50.000,1.13.0,189494.0,1839.0,43.0,Re-editable LaTeX/ typst graphics for Inkscape.,,,22.0,21,,,,,True,1.0,,,,,,,,,,,,,,,,,,,,,,,,,,,,,,,,
7,astro-typst,OverflowCat/astro-typst,mix,['api'],,https://github.com/OverflowCat/astro-typst,https://typst.overflow.cat,Apache-2.0,2024-08-01 09:45:50.000,2026-08-02 22:28:59.000,2026-08-02 22:25:05,87.0,9.0,3.0,9.0,12.0,21.0,197.0,2026-08-02 21:18:36.053,0.12.4,,1102.0,42.0,All-in-one Typst integration for Astro.,52.0,52.0,5.0,20,,,,,True,1.0,astro-typst,,6.0,https://www.npmjs.com/package/astro-typst,2026-08-02 21:18:36.053,,1102.0,,,,,,,,,,,,,,,,,,,,,,,,,
8,typst-as-lib,Relacibo/typst-as-lib,coding--compiler,['api'],,https://github.com/Relacibo/typst-as-lib,https://crates.io/crates/typst-as-lib,MIT,2024-07-13 01:10:02.000,2026-06-29 20:37:50.691,2026-06-29 20:37:01,273.0,14.0,1.0,39.0,13.0,14.0,124.0,2026-06-29 20:37:50.691,0.16.0,,136769.0,44.0,Easily use typst from rust.,103.0,77.0,5.0,20,,,,,True,1.0,,typst-as-lib,5.0,,,,,https://crates.io/crates/typst-as-lib,2026-06-29 20:37:50.691,26.0,136769.0,850886.0,,,,,,,,,,,,,,,,,,,,
9,typst-lsp,nvarner/typst-lsp,writing--text,"['extension', 'cli']",,https://github.com/nvarner/typst-lsp,https://github.com/nvarner/typst-lsp,MIT,2023-03-22 08:26:41.000,2024-11-05 06:22:11.000,2024-11-05 06:22:11,456.0,78.0,2.0,307.0,101.0,105.0,1196.0,2024-03-16 00:59:54.000,0.13.0,33901.0,838.0,27.0,"[Deprecated] An early language server for Typst, plus a VS Code extension.",25.0,25.0,33.0,19,,,,,False,1.0,,typst-lsp,,,,,,https://crates.io/crates/typst-lsp,2023-03-29 04:54:20.986,,12.0,2420.0,,,,,,,,,,,,,,,,,,,,
10,TeXlyre,TeXlyre/texlyre,writing--text,"['runnable', 'web']",,https://github.com/TeXlyre/texlyre,https://texlyre.github.io/texlyre/,AGPL-3.0,2025-07-06 19:49:26.000,2026-08-30 10:21:32.000,2026-08-30 10:21:32,1461.0,70.0,7.0,277.0,4.0,57.0,935.0,2026-08-27 10:08:09.000,0.11.0,,,9.0,A local-first LaTeX & Typst web editor with real-time collaboration & offline support.,,,4.0,19,,,,,True,1.0,,,290.0,,,,,,,,,,,,,,,,,,,,,,,,,,,,,
11,Shiro A,Myriad-Dreamin/shiroa,convert,['cli'],,https://github.com/Myriad-Dreamin/shiroa,https://myriad-dreamin.github.io/shiroa/,Apache-2.0,2023-05-06 10:19:14.000,2026-07-14 18:06:15.000,2026-07-14 18:06:15,332.0,30.0,7.0,197.0,21.0,41.0,662.0,2025-03-06 11:22:36.000,0.3.0,50721.0,1408.0,17.0,shiroa is a simple tool for creating modern online books in pure typst.,,,18.0,19,,,,,True,1.0,,,21.0,,,,,,,,,,,,,,,,,,,,,,,,,,,,,
12,wasm-minimal-protocol,typst-community/wasm-minimal-protocol,wasm,['api'],,https://github.com/typst-community/wasm-minimal-protocol,https://crates.io/crates/wasm-minimal-protocol,Unlicense,2023-06-18 13:03:58.000,2026-07-26 15:32:35.000,2026-07-26 15:32:35,197.0,20.0,1.0,63.0,1.0,18.0,98.0,2026-04-12 14:24:14.858,0.2.0,246.0,2084.0,5.0,"A minimal protocol to write Typst plugins, a CLI tool to stub WASI imports, and example Typst plugins written in..",81.0,77.0,16.0,19,,,,,True,1.0,,wasm-minimal-protocol,14.0,,,,,https://crates.io/crates/wasm-minimal-protocol,2026-04-12 14:24:14.858,4.0,2070.0,16773.0,,,,,,,,,,,,,,,,,,,,
13,typsphinx,YuSabo90002/typsphinx,convert,['extension'],typsphinx,https://github.com/YuSabo90002/typsphinx,https://typsphinx.readthedocs.io/,MIT,2025-10-13 02:14:09.000,2026-08-30 11:41:32.000,2026-08-29 22:37:17,3431.0,2.0,,106.0,1.0,28.0,12.0,2026-08-22 09:54:54.000,0.9.0,48.0,694.0,21.0,Sphinx extension for Typst output format support.,,,3.0,19,https://pypi.org/project/typsphinx,2026-08-22 09:54:54,,690.0,True,1.0,,,3166.0,,,,,,,,,,,,,,,,,,,,,,,,,,,,,
14,Tylax,scipenai/tylax,math,"['runnable', 'api', 'web', 'multilingual']",,https://github.com/scipenai/tylax,https://convert.silkyai.cn/,Apache-2.0,2026-01-05 03:12:17.000,2026-07-19 10:07:26.000,2026-07-18 05:51:30,56.0,11.0,4.0,7.0,16.0,20.0,478.0,2026-07-18 06:09:34.690,0.3.7,1120.0,1390.0,12.0,A bi-directional converter between Typst and LaTeX. Available as both a CLI tool and a Web interface.,10.0,5.0,3.0,18,,,,,True,1.0,,tylax,3.0,,,,,https://crates.io/crates/tylax,2026-07-18 06:09:34.690,5.0,1230.0,5365.0,,,,,,-1.0,,,,,,,,,,,,,,
15,Calepin,vincentarelbundock/calepin,mix,"['cli', 'extension']",,https://github.com/vincentarelbundock/calepin,https://vincentarelbundock.github.io/calepin,MIT,2026-03-18 04:19:40.000,2026-08-26 13:03:37.000,2026-08-26 13:03:32,664.0,7.0,1.0,16.0,4.0,97.0,170.0,2026-08-26 13:18:03.000,0.0.57,1043.0,521.0,50.0,Computational notebooks in Typst.,,,9.0,18,,,,,True,1.0,,,568.0,,,,,,,,,,,,,,,,,,,,,,,,,,,,,
16,Hilbert,aburousan/hilbert-editor,writing--text,"['runnable', 'app']",,https://github.com/aburousan/hilbert-editor,https://github.com/aburousan/hilbert-editor,MIT,2026-07-01 06:12:08.000,2026-08-26 12:18:50.000,2026-08-26 12:09:31,204.0,4.0,3.0,2.0,,31.0,120.0,2026-08-25 13:04:43.000,tauri-v0.2.3,2966.0,2966.0,20.0,"Hilbert — an offline scientific IDE for Typst (Unofficial). Live PDF preview, physics/math tooling, live..",,,3.0,18,,,,,True,1.0,,,204.0,,,,,,,,,,,,,,,2.0,,,,,,,,,,,,,,
17,crates_io_og_image,rust-lang/crates_io_og_image,misc,['api'],,https://github.com/rust-lang/crates_io_og_image,https://crates.io/crates/crates_io_og_image,Apache-2.0,2025-07-07 08:30:36.000,2026-08-09 12:38:56.000,2026-08-09 12:38:55,183.0,5.0,3.0,101.0,1.0,3.0,17.0,2026-06-11 17:03:32.157,0.3.0,,1111.3333333333333,9.0,OpenGraph image generation for crates.io packages.,18.0,18.0,5.0,18,,,,,True,1.0,,crates_io_og_image,40.0,,,,,https://crates.io/crates/crates_io_og_image,2026-06-11 17:03:32.157,,1111.3333333333333,9223.0,,,,,,,,,,,,,,,,,,,,
18,quiver,varkor/quiver,mix,['web'],,https://github.com/varkor/quiver,https://q.uiver.app,MIT,2018-12-28 00:44:28.000,2026-08-24 18:10:10.000,2026-08-24 18:08:52,518.0,121.0,27.0,34.0,46.0,228.0,3611.0,,,,,,A modern commutative diagram editor for the web.,,,10.0,17,,,,,True,1.0,,,25.0,,,,,,,,,,,,,,,,,,,,,,,,,,,,,
19,MiTeX,mitex-rs/mitex,math,"['runnable', 'web', 'typst-package']",,https://github.com/mitex-rs/mitex,https://mitex-rs.github.io/mitex/tools/underleaf.html,Apache-2.0,2023-12-15 12:40:54.000,2026-07-07 13:56:46.000,2026-07-07 13:56:46,184.0,30.0,3.0,139.0,35.0,50.0,604.0,2026-04-07 13:28:28.000,0.2.7,,,2.0,"LaTeX support for Typst, powered by Rust and WASM. https://mitex-rs.github.io/mitex/.",15.0,15.0,15.0,17,,,,,True,1.0,,,1.0,,,,,,,,,,,,,,,,,,,,,,,,,,,,,
20,Typst Preview VSCode,Enter-tainer/typst-preview,writing--text,['extension'],,https://github.com/Enter-tainer/typst-preview,https://Enter-tainer.github.io/typst-preview/,MIT,2023-04-09 14:43:43.000,2024-07-07 12:31:45.000,2024-07-07 12:20:48,389.0,21.0,2.0,155.0,30.0,122.0,444.0,2024-07-07 12:49:57.000,0.11.14,14018.0,476.0,50.0,[DEPRECATED] Use tinymist instead.,31.0,31.0,17.0,17,,,,,False,1.0,,typst-preview,,,,,,https://crates.io/crates/typst-preview,2024-06-09 08:44:32.127,,126.0,11807.0,,,,,,,,,,,,,,,,,,,,
21,Detypify,QuarticCat/detypify,math,"['web', 'extension']",,https://github.com/QuarticCat/detypify,https://detypify.quarticcat.com/,MIT,2024-03-20 12:01:23.000,2026-08-21 05:02:07.000,2026-08-18 17:08:33,368.0,6.0,1.0,18.0,1.0,7.0,259.0,2026-02-26 16:36:32.000,0.3.0,503.0,1080.0,8.0,Typst symbol classifier.,6.0,6.0,3.0,17,,,,,True,1.0,detypify-service,,90.0,https://www.npmjs.com/package/detypify-service,2026-02-26 16:30:12.474,,1063.0,,,,,,,,,,,,,,,,,,,,,,,,,
22,typstfmt,astrale-sharp/typstfmt,writing--assist,"['cli', 'extension', 'api']",,https://github.com/astrale-sharp/typstfmt,https://github.com/astrale-sharp/typstfmt,Apache-2.0,2023-03-25 14:09:04.000,2024-06-08 08:38:55.000,2024-06-08 08:35:40,340.0,27.0,1.0,52.0,30.0,85.0,249.0,2024-06-08 08:38:56.000,0.2.10,6347.0,220.0,10.0,A soon to be formatter for the typst lang.,3.0,3.0,21.0,17,,,,,False,1.0,,typstfmt,,,,,,https://crates.io/crates/typstfmt,2023-07-15 13:40:48.601,,44.0,2666.0,,,,,,,,,,,,,,,,,,,,
23,Tytanic,typst-community/tytanic,pkg,['cli'],,https://github.com/typst-community/tytanic,https://typst-community.github.io/tytanic/,Apache-2.0,2024-01-01 19:18:51.000,2026-08-27 07:30:09.000,2026-08-27 07:30:06,472.0,13.0,2.0,186.0,33.0,103.0,132.0,2026-07-17 12:38:58.662,0.4.1,18589.0,1313.0,18.0,A test runner for typst projects.,,,16.0,17,,,,,True,1.0,,tytanic,39.0,,,,,https://crates.io/crates/tytanic,2026-07-17 12:38:58.662,,335.0,11549.0,,,,,,,,,,,,,,,,,,,,
24,qwinsi/tex2typst,qwinsi/tex2typst,math,"['web', 'api']",,https://github.com/qwinsi/tex2typst,https://qwinsi.github.io/tex2typst-webapp/,Apache-2.0,2024-07-15 00:08:06.000,2026-06-14 14:57:49.000,2026-06-14 14:54:35,440.0,11.0,1.0,19.0,3.0,29.0,112.0,2026-06-14 15:00:32.000,0.6.2,,2606.0,84.0,JavaScript library for conversion between TeX/LaTeX and Typst math code.,20.0,15.0,6.0,17,,,,,True,1.0,tex2typst,,1.0,https://www.npmjs.com/package/tex2typst,2026-06-14 14:55:57.511,5.0,2606.0,,,,,,,,,,,,,,,,,,,,,,,,,
25,Inkhaven,vulogov/blackInkhaven,writing--text,['cli'],,https://github.com/vulogov/blackInkhaven,https://github.com/vulogov/blackInkhaven,Unlicense,2026-05-18 19:31:27.000,2026-08-27 05:28:50.604,2026-08-27 05:25:51,2121.0,1.0,,1.0,,,20.0,2026-08-27 06:00:35.000,3.6.0,16.0,1307.0,195.0,Inkhaven is a standalone terminal application for writing books and long-form technical documentation. It pairs a..,,,2.0,17,,,,,True,1.0,,inkhaven,1675.0,,,,,https://crates.io/crates/inkhaven,2026-08-27 05:28:50.604,,1291.0,4079.0,,,,,,,,,,,,,,,,,,,,
26,obsidian-typst,fenjalien/obsidian-typst,mix,['extension'],,https://github.com/fenjalien/obsidian-typst,https://github.com/fenjalien/obsidian-typst,Apache-2.0,2023-03-24 13:25:23.000,2024-11-03 17:46:56.000,2024-11-03 17:46:53,65.0,29.0,9.0,18.0,31.0,31.0,535.0,2024-03-19 01:31:23.000,0.10.0,48427.0,1181.0,15.0,Renders typst code blocks in Obsidian into images using Typst through the power of WASM!.,,,6.0,16,,,,,False,2.0,,,,,,,,,,,,,,,,,,,,,,,,,,,,,,,,
27,obsidian-typst-mate,azyarashi/obsidian-typst-mate,mix,['extension'],,https://github.com/azyarashi/obsidian-typst-mate,https://npmx.dev/package/@typstmate/typst-syntax,Apache-2.0,2025-08-24 12:23:18.000,2026-05-28 01:20:23.000,2026-03-12 03:41:16,673.0,14.0,2.0,17.0,24.0,69.0,217.0,2026-03-02 16:36:49.000,2.3.2,34335.0,3121.0,50.0,Render math expressions with Typst instead of MathJax in Obsidian.,1.0,1.0,5.0,16,,,,,True,2.0,,,,,,,,,,,,,,,,,,,,,,,,,,,,,,,,
28,Kodama,kokic/kodama,convert,"['cli', 'non-english']",,https://github.com/kodama-community/kodama,https://kodama-community.github.io,GPL-3.0,2024-12-25 16:12:04.000,2026-08-28 10:20:49.000,2026-08-28 10:20:41,399.0,15.0,3.0,64.0,3.0,45.0,217.0,2026-08-26 15:57:25.000,1.1.2,453.0,23.0,42.0,A Typst-friendly static Zettelkästen site generator.,,,8.0,16,,,,,True,1.0,,,42.0,,,,,,,,,,,,,,,,kodama-community/kodama,,,,,,,,,,,,,
29,TyX,tyx-editor/TyX,writing--visual,"['web', 'app']",,https://github.com/tyx-editor/TyX,https://tyx-editor.com,MIT,2024-10-02 21:05:31.000,2026-06-21 14:43:40.000,2026-06-21 14:43:25,262.0,3.0,4.0,15.0,17.0,44.0,205.0,2026-04-17 11:24:24.000,0.2.18,5436.0,247.0,34.0,A LyX-like experience rewritten for Typst and the modern era.,,,3.0,16,,,,,True,1.0,,,1.0,,,,,,,,,,,,,,,,,,,,,,,,,,,,,
30,rheo,freecomputinglab/rheo,convert,['cli'],,https://github.com/freecomputinglab/rheo,https://rheo.ohrg.org,Apache-2.0,2025-10-06 13:13:16.000,2026-08-30 14:19:56.000,2026-08-30 14:19:52,199.0,4.0,3.0,111.0,9.0,50.0,193.0,2026-08-30 13:42:55.000,0.6.1,1039.0,129.0,13.0,Typesetting and static site engine based on Typst.,,,2.0,16,,,,,True,1.0,,,36.0,,,,,,,,,,,,,,,,,,,,,,,,,,,,,
31,Katvan,IgKh/katvan,writing--text,['app'],,https://github.com/IgKh/katvan,https://katvan.app,GPL-3.0,2024-01-18 06:12:28.000,2026-07-17 12:45:17.000,2026-07-17 12:44:53,406.0,11.0,5.0,5.0,11.0,33.0,183.0,2026-07-17 13:10:04.000,0.13.1,5211.0,168.0,18.0,"A bare-bones editor for Typst files, with a bias for Right-to-Left editing.",,,2.0,16,,,,,True,2.0,,,17.0,,,,,,,,,,,,,,,,,,,,,,,,,,,,,
32,wasi-stub,typst-community/wasm-minimal-protocol,wasm,['cli'],,https://github.com/typst-community/wasm-minimal-protocol,https://github.com/typst-community/wasm-minimal-protocol#wasi-stub,Unlicense,2023-06-18 13:03:58.000,2026-07-26 15:32:35.000,2026-07-26 15:32:35,197.0,20.0,1.0,63.0,1.0,18.0,98.0,2026-04-12 14:24:10.000,wasm-minimal-protocol-0.2.0,246.0,38.0,5.0,"Detect all WASI-related imports in a WebAssembly file, and replace them with stubs that do nothing.",77.0,77.0,16.0,16,,,,,True,2.0,,wasi-stub,14.0,,,,,https://crates.io/crates/wasi-stub,2026-03-06 04:50:52.027,,24.0,165.0,,,,,,,,,,,,,,,,,,,,
33,typst.js,typst-community/typst.js,coding--compiler,['api'],,https://github.com/typst-community/typst.js,https://typst.community/typst.js,Apache-2.0,2023-12-13 16:33:41.000,2024-04-03 18:27:14.000,2024-02-09 01:21:33,61.0,7.0,3.0,7.0,5.0,5.0,38.0,2023-12-13 22:45:13.000,0.10.0-5,,14498.0,8.0,📦 Typst for JavaScript.,29.0,27.0,4.0,16,,,,,False,1.0,typst,,,https://www.npmjs.com/package/typst,2023-12-18 21:51:49.295,2.0,14498.0,,,,,,,,,,,,,,,,,,,,,,,,,
34,typst-package-check,typst/package-check,pkg,['runnable'],,https://github.com/typst/package-check,https://github.com/typst/package-check,Apache-2.0,2024-04-29 12:43:01.000,2026-08-10 13:07:48.000,2026-08-10 13:07:43,226.0,9.0,3.0,33.0,13.0,39.0,35.0,2026-06-16 12:12:57.000,0.6.0,,,12.0,A tool to check Typst packages.,9.0,9.0,7.0,16,,,,,True,1.0,,,12.0,,,,,,,,,,,,,,,,,,,,,,,,,,,,,
35,continuous-foundation/tex-to-typst,continuous-foundation/tex-to-typst,math,['api'],,https://github.com/continuous-foundation/tex-to-typst,https://continuous-foundation.github.io/tex-to-typst/,MIT,2023-07-10 19:14:19.000,2026-08-27 17:15:51.000,2026-08-27 17:15:11,69.0,2.0,2.0,34.0,1.0,7.0,33.0,2026-08-27 17:15:52.000,0.0.22,,3515.0,23.0,Translate LaTeX or TeX math markup to typst.,37.0,33.0,4.0,16,,,,,True,2.0,tex-to-typst,,12.0,https://www.npmjs.com/package/tex-to-typst,2026-08-27 17:15:42.450,4.0,3515.0,,,,,,,,,,,,,,,,,,,,,,,,,
36,Typsastra,Sovichea/typsastra,writing--text,['app'],,https://github.com/Sovichea/typsastra,https://github.com/Sovichea/typsastra,MIT,2026-06-23 06:28:41.000,2026-08-30 08:58:11.000,2026-08-30 08:56:30,603.0,2.0,,7.0,4.0,5.0,22.0,2026-08-30 09:12:07.000,0.8.1,1988.0,994.0,25.0,"A complex-script-first Typst environment for research and long-form multilingual writing. Built with Tauri, Bun, and..",,,3.0,16,,,,,True,2.0,,,603.0,,,,,,,,,,,,,,,2.0,,,,,,,,,,,,,,
37,chomosuke/typst-preview.nvim,chomosuke/typst-preview.nvim,writing--text,['extension'],,https://github.com/chomosuke/typst-preview.nvim,https://github.com/chomosuke/typst-preview.nvim,GPL-3.0,2023-11-01 08:15:49.000,2026-07-14 16:01:53.000,2026-07-14 15:57:06,122.0,57.0,4.0,54.0,12.0,74.0,993.0,2026-07-14 16:01:53.000,1.5.0,,,28.0,Low latency typst preview for Neovim.,,,29.0,15,,,,,True,2.0,,,3.0,,,,,,,,,,,,,,,,,,,,,,,,,,,,,
38,Scientific Diagrams,janosh/diagrams,docs,['web'],,https://github.com/janosh/diagrams,https://janosh.github.io/diagrams,MIT,2020-08-09 11:07:39.000,2026-08-26 13:20:03.000,2026-08-26 13:19:52,295.0,77.0,7.0,53.0,,6.0,683.0,2025-01-25 18:34:43.000,0.2.0,,,2.0,Diagrams of concepts in physics/chemistry/ML.,,,11.0,15,,,,,True,1.0,,,12.0,,,,,,,,,,,,,,,,,,,,,,,,,,,,,
39,BeauTyXT,soupslurpr/BeauTyXT,writing--text,['app'],,https://github.com/soupslurpr/BeauTyXT,https://beautyxt.app,ISC,2023-05-30 01:52:50.000,2026-04-02 12:13:29.000,2026-04-02 11:48:48,609.0,16.0,4.0,83.0,42.0,60.0,226.0,2026-04-02 12:19:48.000,67,6349.0,167.0,50.0,"BeauTyXT is a beautiful, private, secure, and minimalistic Plain Text and Markdown editor. It once supported Typst,..",,,7.0,15,,,,,True,2.0,,,,,,,,,,,,,,,,,,,,,,,,,,,,,,,,
40,uben0/tree-sitter-typst,uben0/tree-sitter-typst,writing--text,['extension'],,https://github.com/uben0/tree-sitter-typst,https://github.com/uben0/tree-sitter-typst,MIT,2023-08-21 14:01:00.000,2025-04-02 17:33:06.000,2025-02-10 14:30:20,239.0,25.0,2.0,12.0,12.0,31.0,191.0,2024-04-09 10:01:37.000,0.11.0,176.0,5.0,8.0,Tree Sitter grammar for Typst.,13.0,13.0,8.0,15,,,,,False,2.0,,,,,,,,,,,,,,,,,,,,,,,,,,,,,,,,
41,tola,tola-rs/tola-ssg,convert,['runnable'],,https://github.com/tola-rs/tola-ssg,https://crates.io/crates/tola,MIT,2025-06-18 07:36:36.000,2026-08-19 16:26:37.000,2026-08-19 16:26:37,281.0,7.0,4.0,19.0,20.0,29.0,173.0,2026-03-18 19:10:53.000,0.7.1,401.0,74.33333333333334,34.0,SSG for typst-based websites - keep your focus on the content.,,,4.0,15,,,,,True,2.0,,tola,1.0,,,,,https://crates.io/crates/tola,2025-12-28 05:36:45.823,,44.333333333333336,10740.0,,,,,,,,,,,,,,,,,,,,
42,Typst 日本語ドキュメント,typst-jp/docs,docs,"['web', 'non-english']",,https://github.com/typst-jp/docs,https://typst-jp.github.io/docs/,Apache-2.0,2024-06-11 09:14:58.000,2026-08-30 13:46:08.000,2026-08-29 12:11:46,4642.0,17.0,,309.0,11.0,86.0,62.0,,,,,,Typst Documentation 日本語版.,,,401.0,15,,,,,True,1.0,,,27.0,,,,,,,,,,,,,,,,,,,,,,,,,,,,,
43,typst-wasm,typst-wasm/typst-wasm,coding--compiler,['api'],,https://github.com/typst-wasm/typst-wasm,https://typst-wasm.github.io/typst-wasm/,MIT,2026-02-26 08:16:47.000,2026-07-24 11:48:59.000,2026-07-20 07:58:44,335.0,,1.0,7.0,1.0,,36.0,2026-07-17 11:47:36.878,1.0.0,,575.0,7.0,A promise based API for compiling typst using wasm in as many runtimes as possible.,2.0,,2.0,15,,,,,True,2.0,typst-wasm,,322.0,https://www.npmjs.com/package/typst-wasm,2026-07-17 11:47:36.878,2.0,575.0,,,,,,,,,,,,,,,,,,,,,,,,,
44,Presio,benedict-armstrong/presio,misc,"['web', 'typst-package']",,https://github.com/benedict-armstrong/presio,https://presio.xyz,MIT,2026-03-14 15:54:13.000,2026-08-29 17:13:37.000,2026-08-29 17:12:14,198.0,3.0,1.0,49.0,9.0,20.0,22.0,2026-08-25 17:02:01.000,1.1.0,597.0,298.0,2.0,"Present PDFs from your browser. Including speaker notes, mp4/YouTube/Vimeo support and more! Presentations stay on..",,,4.0,15,,,,,True,1.0,,,180.0,,,,,,,,,,,,,,,8.0,,,,,,,,,,,,,,
45,Ahdeyyy/Typwriter,Ahdeyyy/typwriter,writing--text,['app'],,https://github.com/Ahdeyyy/typwriter,https://typwriter.vercel.app,MIT,2026-02-19 18:38:57.000,2026-08-26 23:41:08.000,2026-08-26 23:40:49,419.0,,,20.0,2.0,3.0,19.0,2026-08-25 22:18:13.000,typwriter-v0.9.0,2531.0,506.0,27.0,A text editor for creating documents with typst.,,,,15,,,,,True,2.0,,,199.0,,,,,,,,,,,,,,,,,,,,,,,,,,,,,
46,The Raindrop-Blue Book (Typst中文教程),typst-doc-cn/tutorial,docs,"['web', 'non-english']",,https://github.com/typst-doc-cn/tutorial,https://typst-doc-cn.github.io/tutorial/,Apache-2.0,2024-01-26 16:30:29.000,2026-06-21 09:50:33.000,2026-06-21 09:50:30,194.0,29.0,2.0,31.0,12.0,6.0,220.0,2024-02-29 14:30:40.000,0.1.0,1295.0,43.0,1.0,Typst中文教程.,,,9.0,14,,,,,True,1.0,,,15.0,,,,,,,,,,,,,,,,,,,,,,,,,,,,,
47,typst-community/setup-typst,typst-community/setup-typst,coding--tooling,['multilingual'],,https://github.com/typst-community/setup-typst,https://github.com/marketplace/actions/setup-typst,MIT,2023-04-09 06:22:39.000,2026-08-30 09:35:45.000,2026-08-30 09:35:40,50.0,7.0,3.0,54.0,,20.0,181.0,2026-08-04 08:50:11.000,5.2.0,,,18.0,📑 Install Typst and add it to the PATH with package management.,,,7.0,14,,,,,True,1.0,,,10.0,,,,,,,,,,,,,,,,,,,,,,,,,,,,,
48,SummaryTables.jl,PumasAI/SummaryTables.jl,coding--gen,['api'],,https://github.com/PumasAI/SummaryTables.jl,https://pumasai.github.io/SummaryTables.jl/,MIT,2024-03-25 13:45:17.000,2026-08-27 13:59:44.000,2026-08-07 05:50:06,179.0,4.0,10.0,111.0,17.0,27.0,102.0,2026-08-07 08:01:02.000,3.5.1,,,18.0,"A Julia package for creating publication-ready tables in HTML, docx, LaTeX and Typst.",,,7.0,14,,,,,True,1.0,,,9.0,,,,,,,,,,,,,,,,,,,,,,,,,,,,,
49,Typst 中文社区导航,typst-doc-cn/guide,docs,"['web', 'non-english']",,https://github.com/typst-doc-cn/guide,https://typst.dev/guide/,MIT,2024-07-15 10:36:45.000,2026-08-14 17:39:50.000,2026-08-14 17:39:50,374.0,29.0,1.0,158.0,14.0,22.0,35.0,,,1447.0,57.0,1.0,Typst 中文社区导航——这里收集了一些官方文档和小蓝书中未提到的一些问题和小技巧，尤其是面向中文用户的。.,,,25.0,14,,,,,True,1.0,,,37.0,,,,,,,,,,,,,,,,,,,,,,,,,,,,,
50,typst-bake,elgar328/typst-bake,coding--compiler,['api'],,https://github.com/elgar328/typst-bake,https://crates.io/crates/typst-bake,Apache-2.0,2026-01-15 18:11:32.000,2026-08-27 08:54:45.000,2026-06-23 20:45:45,159.0,2.0,1.0,8.0,,8.0,19.0,2026-06-23 20:44:47.000,0.1.11,,204.66666666666666,12.0,"Bake Typst templates, fonts, and packages into your Rust binary — use Typst as a self-contained, embedded library.",3.0,1.0,3.0,14,,,,,True,2.0,,typst-bake,10.0,,,,,https://crates.io/crates/typst-bake,2026-06-23 20:44:23.892,2.0,204.66666666666666,1547.0,,,,,,,,,,,,,,,,,,,,
51,tytable,EinMaulwurf/tytable,coding--gen,['api'],tytable,https://github.com/EinMaulwurf/tytable,https://github.com/EinMaulwurf/tytable,GPL-3.0,2026-07-10 13:03:23.000,2026-08-24 20:37:07.000,2026-08-24 20:27:15,242.0,,,,,,4.0,2026-08-22 07:38:53.000,3.0.1,22.0,428.0,18.0,Typst tables from Polars DataFrames.,,,,14,https://pypi.org/project/tytable,2026-08-22 07:38:53,,406.0,True,1.0,,,242.0,,,,,,,,,,,,,,,,,,,,,,,,,,,,,
52,typst.vim,kaarmu/typst.vim,writing--text,['extension'],,https://github.com/kaarmu/typst.vim,https://github.com/kaarmu/typst.vim,MIT,2023-03-24 11:58:01.000,2025-12-17 11:39:14.000,2025-12-17 11:39:14,172.0,38.0,3.0,47.0,16.0,72.0,385.0,,,,,,Vim plugin for Typst.,,,30.0,13,,,,,True,2.0,,,,,,,,,,,,,,,,,,,,,,,,,,,,,,,,
53,Typix,loqusion/typix,coding--tooling,['runnable'],,https://github.com/loqusion/typix,https://loqusion.github.io/typix/,MIT,2023-12-24 03:37:43.000,2026-08-22 09:01:21.000,2026-08-22 09:01:19,446.0,13.0,3.0,76.0,5.0,11.0,328.0,2025-06-27 08:35:45.000,0.3.2,,,13.0,Deterministic Typst compilation with Nix.,,,7.0,13,,,,,True,1.0,,,6.0,,,,,,,,,,,,,,,,,,,,,,,,,,,,,
54,typstwriter,Bzero/typstwriter,writing--text,"['app', 'runnable']",typstwriter,https://github.com/Bzero/typstwriter,https://github.com/Bzero/typstwriter,MIT,2024-04-12 15:40:04.000,2026-07-21 23:46:56.000,2026-07-21 23:46:56,150.0,8.0,5.0,53.0,10.0,11.0,169.0,2025-03-11 10:37:45.000,V0.3,,44.0,3.0,An integrated editor for the typst typesetting system.,3.0,3.0,7.0,13,https://pypi.org/project/typstwriter,2025-03-11 10:44:45,,44.0,True,2.0,,,2.0,,,,,,,,,,,,,,,,,,,,,,,,,,,,,
55,UTPM,typst-community/utpm,pkg,['cli'],,https://github.com/typst-community/utpm,https://github.com/typst-community/utpm,MIT,2023-06-18 11:53:56.000,2026-05-23 10:53:21.000,2026-05-23 10:53:21,391.0,17.0,1.0,75.0,4.0,47.0,139.0,2026-04-13 07:58:07.936,0.3.0,1191.0,143.0,2.0,A package manager for local and remote Typst packages.,,,16.0,13,,,,,True,2.0,,utpm,,,,,,https://crates.io/crates/utpm,2026-04-13 07:58:07.936,,44.0,826.0,,,,,,,,,,,,,,,,,,,,
56,klirr,Sajjon/klirr,misc,['cli'],,https://github.com/Sajjon/klirr,https://github.com/Sajjon/klirr,MIT,2025-06-06 07:17:42.000,2026-06-01 20:02:57.000,2026-06-01 19:59:23,154.0,6.0,1.0,43.0,,3.0,138.0,2026-06-01 20:02:58.000,0.2.15,180.0,62.666666666666664,35.0,Zero-maintenance and smart FOSS generating beautiful invoices for services and expenses.,,,7.0,13,,,,,True,2.0,,klirr,,,,,,https://crates.io/crates/klirr,2026-05-06 05:33:57.741,,49.666666666666664,11138.0,,,,,,,,,,,,,,,,,,,,
57,Hieroglyphic,FineFindus/Hieroglyphic,math,"['app', 'multilingual']",,https://github.com/FineFindus/Hieroglyphic,https://apps.gnome.org/en/Hieroglyphic/,GPL-3.0,2024-02-27 18:48:41.000,2026-08-23 06:28:51.000,2026-08-23 06:28:50,661.0,20.0,2.0,32.0,4.0,19.0,124.0,2026-04-07 20:20:26.000,2.3.0,177.0,6.0,7.0,Find LaTeX and Typst symbols.,,,65.0,13,,,,,True,2.0,,,19.0,,,,,,,,,,,,,,,,,,,,,,,,,,,,,
58,Typst for Obsidian,k0src/Typst-for-Obsidian,writing--text,['extension'],,https://github.com/k0src/Typst-for-Obsidian,https://github.com/k0src/Typst-for-Obsidian,0BSD,2025-09-20 09:32:45.000,2026-03-06 07:23:00.000,2026-03-06 07:22:57,198.0,12.0,7.0,1.0,7.0,4.0,112.0,2026-03-01 04:06:16.000,0.0.13,2403.0,240.0,13.0,A Typst editor and renderer in Obsidian.,,,,13,,,,,True,2.0,,,,,,,,,,,,,,,,,,,,,,,,,,,,,,,,
59,typ2docx,sghng/typ2docx,convert,['runnable'],typ2docx,https://github.com/sghng/typ2docx,https://typ2docx.sgh.ng,MIT,2025-10-30 02:12:33.000,2026-06-26 09:13:39.000,2026-03-29 00:02:37,91.0,4.0,,104.0,12.0,22.0,108.0,2025-12-07 21:38:44.000,0.8.0,345.0,116.0,9.0,Convert math-rich Typst project to Microsoft Word format.,,,3.0,13,https://pypi.org/project/typ2docx,2025-12-07 21:38:44,,78.0,True,2.0,,,,,,,,,,,,,,,,,,,,,,,,,,,,,,,,
60,Wypst,andredalbosco/wypst,math,['api'],,https://github.com/andredalbosco/wypst,https://0xpapercut.github.io/wypst/,MIT,2023-12-05 14:06:13.000,2025-07-04 11:18:48.000,2024-06-16 20:21:18,168.0,6.0,4.0,5.0,4.0,3.0,95.0,2024-05-03 22:42:26.000,0.0.8,20.0,22.0,8.0,Typst math typesetting for the web.,6.0,6.0,3.0,13,,,,,False,2.0,wypst,,,https://www.npmjs.com/package/wypst,2024-05-03 22:28:11.569,,22.0,,,,,,,,,,,,,,,,,,,,,,,,,
61,typdiff,sou1118/typdiff,writing--assist,['cli'],,https://github.com/sou1118/typdiff,https://crates.io/crates/typdiff,Apache-2.0,2026-02-18 07:46:02.000,2026-08-20 16:43:08.000,2026-08-20 16:40:28,20.0,6.0,,15.0,6.0,3.0,70.0,2026-08-20 16:45:39.000,0.1.3,161.0,129.66666666666669,4.0,"A diff tool for Typst documents, similar to latexdiff for LaTeX.",,,6.0,13,,,,,True,2.0,,typdiff,12.0,,,,,https://crates.io/crates/typdiff,2026-02-26 03:26:12.799,,103.66666666666667,449.0,,,,,,,,,,,,,,,,,,,,
62,Pypst,tilman151/pypst,coding--gen,['api'],pypst,https://github.com/tilman151/pypst,https://krokotsch.eu/pypst/,MIT,2024-08-09 15:48:01.000,2026-08-15 19:29:41.000,2026-08-15 19:24:37,76.0,3.0,1.0,25.0,,5.0,52.0,2026-08-15 19:29:07.000,0.8.1,,1172.0,10.0,Declarative Typst in Python with Pandas data frame support.,7.0,5.0,2.0,13,https://pypi.org/project/pypst,2026-08-15 19:29:07,2.0,1172.0,True,2.0,,,2.0,,,,,,,,,,,,,,,3.0,,,,,,,,,,,,,,
63,hyrious/typst-syntax-highlight,hyrious/typst-syntax-highlight,writing--text,['extension'],,https://github.com/hyrious/typst-syntax-highlight,https://github.com/hyrious/typst-syntax-highlight,MIT,2023-04-21 09:05:01.000,2026-08-09 10:18:50.000,2026-08-09 10:14:05,152.0,4.0,2.0,36.0,1.0,36.0,22.0,2026-08-09 10:18:50.000,0.2.23,,,15.0,Typst sublime text syntax highlighting.,,,6.0,13,,,,,True,2.0,,,3.0,,,,,,,,,,,,,,,,,,,,,,,,,,,,,
64,Django Typst,a-musing-moose/django-typst-engine,coding--compiler,['extension'],django_typst,https://github.com/a-musing-moose/django-typst-engine,https://github.com/a-musing-moose/django-typst-engine,BSD-3-Clause,2025-08-20 06:40:25.000,2026-08-03 00:15:55.000,2026-07-31 06:58:58,96.0,2.0,,97.0,,3.0,13.0,2026-06-05 04:59:52.000,0.1.6,,603.0,7.0,A Django template engine that uses Typst to render Portable Document Format (PDF) files.,,,4.0,13,https://pypi.org/project/django_typst,2026-06-05 04:59:52,,603.0,True,2.0,,,13.0,,,,,,,,,,,,,,,,,,,,,,,,,,,,,
65,GoTPM,npikall/gotpm,pkg,['cli'],,https://github.com/npikall/gotpm,https://npikall.github.io/gotpm/,MIT,2026-01-06 21:08:02.000,2026-08-25 17:19:47.000,2026-08-25 17:18:08,361.0,,,34.0,7.0,14.0,5.0,2026-08-25 17:24:36.000,0.5.1,129.0,18.0,20.0,A cli tool to manage Typst Packages.,,,,13,,,,,True,2.0,,,90.0,,,,,,,,,,,,,,,,,github.com/npikall/gotpm,https://pkg.go.dev/github.com/npikall/gotpm,2026-08-25 17:18:08,,,,,,,,,,
66,derive_typst_intoval,KillTheMule/derive_typst_intoval,coding--gen,['api'],,https://github.com/KillTheMule/derive_typst_intoval,https://github.com/KillTheMule/derive_typst_intoval,Apache-2.0,2024-05-10 12:02:25.000,2026-06-26 19:21:37.000,2026-06-26 19:18:10,38.0,7.0,1.0,3.0,,1.0,3.0,2025-08-19 16:08:19.707,0.5.0,,4521.0,5.0,Derive typstIntoValue for structs.,15.0,13.0,4.0,13,,,,,True,2.0,,derive_typst_intoval,8.0,,,,,https://crates.io/crates/derive_typst_intoval,2025-08-19 16:08:19.707,2.0,4521.0,55581.0,,,,,,,,,,,,,,,,,,,,
67,Typst Examples Book,sitandr/typst-examples-book,docs,['web'],,https://github.com/sitandr/typst-examples-book,https://sitandr.github.io/typst-examples-book/book,MIT,2023-11-03 21:56:37.000,2026-06-02 10:11:37.000,2026-06-02 10:11:37,154.0,40.0,8.0,34.0,2.0,14.0,520.0,,,,,,Book of educational examples for Typst.,,,28.0,12,,,,,True,2.0,,,1.0,,,,,,,,,,,,,,,,,,,,,,,,,,,,,
68,Typsite,Glomzzz/typsite,convert,['cli'],,https://github.com/Glomzzz/typsite,https://typ.rowlib.com/en/,MIT,2025-06-04 21:53:40.000,2026-05-21 19:38:49.000,2026-05-21 19:37:17,143.0,4.0,2.0,34.0,4.0,12.0,201.0,2026-05-21 19:38:49.000,0.1.7-51,510.0,36.0,31.0,Static site generator(SSG) for typst.,,,3.0,12,,,,,True,2.0,,,,,,,,,,,,,,,,,,,,,,,,,,,,,,,,
69,typst-undergradmath,johanvx/typst-undergradmath,docs,,,https://github.com/johanvx/typst-undergradmath,https://github.com/johanvx/typst-undergradmath,CC-BY-SA-4.0,2023-03-23 06:52:05.000,2026-04-30 03:24:58.000,2026-04-30 03:24:58,89.0,8.0,2.0,38.0,3.0,13.0,150.0,2026-04-09 18:48:41.000,2.0.0,2796.0,69.0,12.0,A Typst port of undergradmath.,,,9.0,12,,,,,True,2.0,,,,,,,,,,,,,,,,,,,,,,,,,,,,,,,,
70,Typstify/Typstify,typstify/typstify,writing--text,['app'],,https://github.com/typstify/typstify,https://typstify.com,Apache-2.0,2026-03-03 05:30:42.000,2026-08-25 08:51:53.000,2026-08-25 08:51:44,167.0,7.0,,8.0,11.0,25.0,95.0,,,,,,A cross-platform Typst editor.,,,3.0,12,,,,,True,2.0,,,60.0,,,,,,,,,,,,,,,,,,,,,,,,,,,,,
71,Typst 中文文档网站,typst-doc-cn/typst-doc-cn.github.io,docs,"['web', 'non-english']",,https://github.com/typst-doc-cn/typst-doc-cn.github.io,https://typst-doc-cn.github.io/docs/,Apache-2.0,2023-06-24 03:00:01.000,2025-03-02 06:20:04.000,2025-03-02 06:15:33,2651.0,17.0,3.0,27.0,3.0,,56.0,,,,,,社区驱动的非官方 Typst 中文文档。.,,,210.0,12,,,,,False,2.0,,,,,,,,,,,,,,,,,,,,,,,,,,,,,,,,
72,typ2pptx,touying-typ/typ2pptx,convert,['runnable'],typ2pptx,https://github.com/touying-typ/typ2pptx,https://github.com/touying-typ/typ2pptx,MIT,2026-04-07 03:38:27.000,2026-08-03 13:49:55.000,2026-08-03 13:42:01,21.0,3.0,,2.0,1.0,,45.0,2026-08-03 13:48:56.000,0.2.3,,436.0,9.0,convert typst to pptx.,,,2.0,12,https://pypi.org/project/typ2pptx,2026-08-03 13:49:55,,436.0,True,2.0,,,5.0,,,,,,,,,,,,,,,,,,,,,,,,,,,,,
73,mdbook-typst-math,duskmoon314/mdbook-typst-math,mix,['runnable'],,https://github.com/duskmoon314/mdbook-typst-math,https://duskmoon314.github.io/mdbook-typst-math/,MIT,2023-12-04 05:07:20.000,2026-08-29 03:42:04.495,2026-08-29 03:25:05,63.0,3.0,1.0,71.0,1.0,6.0,17.0,2026-08-29 03:45:32.000,0.4.0,68.0,37.33333333333333,6.0,mdbook typst preprocessor.,,,5.0,12,,,,,True,2.0,,mdbook-typst-math,24.0,,,,,https://crates.io/crates/mdbook-typst-math,2026-08-29 03:42:04.495,,29.333333333333332,2933.0,,,,,,3.0,,,,,,,,,,,,,,
74,0x6b/typwriter,0x6b/typwriter,coding--compiler,,,https://github.com/0x6b/typwriter,https://crates.io/crates/typwriter,Apache-2.0,2023-10-15 10:04:34.000,2026-07-18 02:14:17.000,2026-07-18 02:13:44,571.0,,1.0,141.0,,,6.0,2026-05-03 15:01:47.667,0.14.28,,31.333333333333332,8.0,"A Rust library for compiling, formatting, and watching Typst documents, with PDF metadata and permission management.",,,,12,,,,,True,2.0,,typwriter,21.0,,,,,https://crates.io/crates/typwriter,2026-05-03 15:01:47.667,,31.333333333333332,222.0,,,,,,,,,,,,,,,,,,,,
75,notion2typst,Mapaor/nast,convert,"['api', 'web']",,https://github.com/Mapaor/nast,https://n2t.fisica.cat,MIT,2026-02-27 17:59:12.000,2026-08-09 12:13:18.000,2026-08-09 12:13:15,58.0,,,,,,2.0,2026-08-02 21:45:55.729,0.2.6,,232.0,7.0,NAST - Notion Abstract Syntax Tree tools monorepo.,,,,12,,,,,True,2.0,@nast/notion2typst,,15.0,https://www.npmjs.com/package/@nast/notion2typst,2026-08-02 21:45:55.729,,232.0,,,,,,,,,,,,,,,,,,,,,,,,,
76,Ksav,SYKhayyat/ksav,writing--text,"['app', 'web', 'multilingual']",,https://github.com/SYKhayyat/ksav,https://github.com/SYKhayyat/ksav,Apache-2.0,2026-07-23 22:11:25.000,2026-08-28 09:27:15.000,2026-08-28 09:27:11,454.0,1.0,,2.0,16.0,5.0,,2026-08-17 02:28:12.000,0.1.1,2.0,2.0,2.0,A Hebrew-first typesetting and writing system built on the real Typst engine — a Word-like editor where every Hebrew..,,,4.0,12,,,,,True,2.0,,,454.0,,,,,,,,,,,,,,,,,,,,True,,,,,,,,,
77,typstudio,Cubxity/typstudio,writing--text,['app'],,https://github.com/Cubxity/typstudio,https://github.com/Cubxity/typstudio,GPL-3.0,2023-04-11 18:45:10.000,2025-04-11 20:05:41.000,2025-04-11 20:05:41,84.0,24.0,15.0,12.0,14.0,17.0,738.0,,,4924.0,123.0,28.0,"A W.I.P desktop application for a new typesetting language, typst.",,,5.0,11,,,,,False,2.0,,,,,,,,,,,,,,,,,,,,,,,,,,,,,,,,
78,Collabst,collabst/collabst,writing--text,['runnable'],,https://github.com/collabst/collabst,https://github.com/collabst/collabst,AGPL-3.0,2025-12-09 18:37:39.000,2026-08-27 16:11:34.000,2026-06-15 14:27:13,263.0,28.0,4.0,81.0,33.0,40.0,372.0,,,,,,Self-hosted collaborative workspace for Typst.,,,5.0,11,,,,,True,2.0,,,1.0,,,,,,,,,,,,,,,-1.0,,,,,,,,,,,,,,
79,Velyst,voxell-tech/velyst,coding--compiler,['api'],,https://github.com/voxell-tech/velyst,https://github.com/voxell-tech/velyst,Apache-2.0,2024-05-22 03:59:01.000,2026-08-21 17:23:47.000,2026-08-21 17:23:45,104.0,10.0,1.0,35.0,17.0,23.0,265.0,2025-01-26 09:46:51.046,0.0.0,,3.6666666666666665,1.0,Interactive Typst content creator using Vello and Bevy.,1.0,1.0,5.0,11,,,,,True,2.0,,velyst,6.0,,,,,https://crates.io/crates/velyst,2025-01-26 09:46:51.046,,3.6666666666666665,901.0,,,,,,,,,,,,,,,,,,,,
80,typst-live,ItsEthra/typst-live,writing--assist,['runnable'],,https://github.com/ItsEthra/typst-live,https://github.com/ItsEthra/typst-live,MIT,2023-03-26 14:08:21.000,2026-02-23 18:24:12.000,2026-02-21 14:36:42,63.0,14.0,1.0,14.0,6.0,14.0,137.0,2024-04-21 11:12:24.507,0.8.0,,32.0,11.0,Hot reloading for your typst files.,1.0,1.0,7.0,11,,,,,True,2.0,,typst-live,,,,,,https://crates.io/crates/typst-live,2024-04-21 11:12:24.507,,32.0,13889.0,,,,,,,,,,,,,,,,,,,,
81,Typstry.jl,jakobjpeters/Typstry.jl,coding--gen,['api'],,https://github.com/jakobjpeters/Typstry.jl,https://jakobjpeters.github.io/Typstry.jl/,MIT,2023-07-29 13:48:31.000,2026-06-06 19:54:21.000,2026-06-06 19:54:17,486.0,5.0,3.0,11.0,6.0,12.0,101.0,2025-12-06 08:30:41.000,0.7.0,,,9.0,The Julia to Typst Interface.,,,6.0,11,,,,,True,2.0,,,1.0,,,,,,,,,,,,,,,,,,,,,,,,,,,,,
82,qnote,Omibranch/qnote,writing--text,"['app', 'multilingual']",,https://github.com/Omibranch/qnote,https://github.com/Omibranch/qnote,MIT,2026-04-21 10:52:24.000,2026-05-13 17:28:33.000,2026-05-13 17:28:24,29.0,4.0,1.0,1.0,,3.0,96.0,2026-05-02 14:16:36.000,0.2.11,802.0,200.0,12.0,"Minimal Tauri desktop note editor with Markdown, PDF export, and file history.",,,3.0,11,,,,,True,2.0,,,,,,,,,,,,,,,,,,,,,,,,,,,,,,,,
83,Typst Matplotlib Backend,daskol/mpl-typst,coding--compiler,['api'],mpl-typst,https://github.com/daskol/mpl-typst,https://github.com/daskol/mpl-typst,MIT,2024-01-02 13:15:56.000,2026-08-11 15:00:18.000,2026-08-11 15:00:14,58.0,8.0,2.0,26.0,7.0,12.0,84.0,2026-06-27 17:14:49.000,0.3.1,9.0,0.0,5.0,Typst backend for matplotlib (Python visualization library).,2.0,2.0,5.0,11,https://pypi.org/project/mpl-typst,2026-06-27 17:14:49,,,True,2.0,,,5.0,,,,,,,,,,,,,,,,,,,,,,,,,,,,,
84,LegNeato/mdbook-typst,LegNeato/mdbook-typst,convert,['runnable'],,https://github.com/LegNeato/mdbook-typst,https://github.com/LegNeato/mdbook-typst,MIT,2023-11-29 20:51:47.000,2026-04-12 23:58:33.000,2026-04-12 23:57:45,39.0,9.0,1.0,7.0,7.0,18.0,81.0,2026-04-12 23:58:33.000,0.1.10,,38.333333333333336,11.0,"An mdBook backend to output Typst markup, pdf, png, or svg.",,,3.0,11,,,,,True,2.0,,mdbook-typst,,,,,,https://crates.io/crates/mdbook-typst,2026-04-12 23:58:30.829,,38.333333333333336,10447.0,,,,,,,,,,,,,,,,,,,,
85,obsidian-wypst,andredalbosco/obsidian-wypst,mix,['extension'],,https://github.com/andredalbosco/obsidian-wypst,https://github.com/andredalbosco/obsidian-wypst,MIT,2023-12-08 17:18:26.000,2024-05-15 19:26:11.000,2024-05-15 19:26:09,51.0,11.0,2.0,3.0,24.0,4.0,81.0,2024-05-13 08:32:00.000,0.0.3,14073.0,469.0,3.0,"High quality rendering of Typst in Obsidian, powered by wypst.",,,3.0,11,,,,,False,2.0,,,,,,,,,,,,,,,,,,,,,,,,,,,,,,,,
86,mnemo,lemueldls/mnemo,misc,,,https://github.com/lemueldls/mnemo,https://mnemo.world,AGPL-3.0,2024-07-09 21:12:17.000,2026-08-01 18:27:14.000,2026-06-28 23:25:14,1198.0,2.0,2.0,183.0,,3.0,51.0,2026-01-28 19:52:43.000,mnemo-v0.3.1,894.0,74.0,14.0,"A local-first, cross-platform note-taking app leveraging the Typst ecosystem. Designed to minimize distractions and..",,,3.0,11,,,,,True,2.0,,,35.0,,,,,,,,,,,,,,,,,,,,,,,,,,,,,
87,Oicana,oicana/oicana,misc,"['api', 'cli']",,https://github.com/oicana/oicana,https://oicana.com,MulanPSL-1.0,2025-09-10 17:30:30.000,2026-08-24 21:10:26.000,2026-08-24 21:10:25,655.0,1.0,1.0,135.0,3.0,2.0,36.0,2026-08-23 18:14:47.000,oicana_php-v0.8.0,990.0,890.0,50.0,Cross-Platform PDF templating based on Typst.,,,1.0,11,,,,,True,2.0,@oicana/node,oicana_cli,165.0,https://www.npmjs.com/package/@oicana/node,2026-08-23 17:58:46.141,,600.0,https://crates.io/crates/oicana_cli,2026-07-26 20:44:12.358,,92.0,2016.0,,,,,,-1.0,,,,,,,,,,,,,,
88,typub,lucifer1004/typub,convert,"['cli', 'multilingual']",,https://github.com/lucifer1004/typub,https://lucifer1004.github.io/typub/,MIT,2026-02-13 10:06:51.000,2026-07-11 00:52:07.000,2026-07-11 00:52:00,38.0,,,2.0,3.0,1.0,34.0,2026-06-19 15:32:48.000,0.1.3,20.0,20.0,4.0,Typub - A Typst-first local CMS.,,,1.0,11,,,,,True,2.0,,typub,16.0,,,,,https://crates.io/crates/typub,2026-06-19 15:19:43.119,,17.0,86.0,,,,,,,,,,,,,,,,,,,,
89,typship,sjfhsjfh/typship,pkg,['cli'],,https://github.com/sjfhsjfh/typship,https://github.com/sjfhsjfh/typship,MIT,2025-01-04 02:36:27.508,2025-05-07 06:43:28.000,,,4.0,,,9.0,,28.0,2025-05-07 06:41:37.797,0.4.2,,217.33333333333334,8.0,A Typst package CLI tool.,,,4.0,11,,,,,False,2.0,,typship,,,,,,https://crates.io/crates/typship,2025-05-07 06:41:37.797,,217.33333333333334,6885.0,,,,,,,,,,,,,,,,,,,,
90,Typst Upgrade,Coekjan/typst-upgrade,coding--tooling,['cli'],,https://github.com/Coekjan/typst-upgrade,https://github.com/Coekjan/typst-upgrade,MIT,2024-04-11 13:06:03.000,2026-08-27 14:52:56.000,2026-08-24 15:07:19,192.0,1.0,1.0,106.0,,9.0,23.0,2025-02-22 05:20:27.000,1.7.0,617.0,22.0,11.0,Upgrade your typst packages.,,,2.0,11,,,,,True,2.0,,,14.0,,,,,,,,,,,,,,,,,,,,,,,,,,,,,
91,Blender Typst Importer,kolibril13/blender_typst_importer,mix,['extension'],,https://github.com/kolibril13/blender_typst_importer,https://extensions.blender.org/add-ons/typst-importer/,GPL-3.0,2025-01-26 10:06:52.000,2026-07-15 11:52:59.000,2026-07-15 11:52:58,293.0,4.0,1.0,6.0,9.0,4.0,20.0,2026-07-14 07:40:09.000,0.3.7,1332.0,74.0,23.0,Blender extension to render typst content. Examples: https://kolibril13.github.io/bpy-gallery/n4typst_examples/.,,,2.0,11,,,,,True,2.0,,,19.0,,,,,,,,,,,,,,,,,,,,,,,,,,,,,
92,bevy_typst_textures,fallible-algebra/bevy_typst_textures,coding--compiler,['api'],,https://github.com/fallible-algebra/bevy_typst_textures,https://github.com/fallible-algebra/bevy_typst_textures,MIT,2025-07-09 11:05:46.000,2026-07-02 09:58:49.027,2026-07-02 09:57:34,49.0,,,4.0,,,15.0,2026-07-02 09:58:49.027,0.6.0,,28.0,7.0,Integrating typst as a texture generator for Bevy.,,,,11,,,,,True,2.0,,bevy_typst_textures,4.0,,,,,https://crates.io/crates/bevy_typst_textures,2026-07-02 09:58:49.027,,28.0,1398.0,,,,,,,,,,,,,,,,,,,,
93,compile-typst-site,wade-cheng/compile-typst-site,convert,['cli'],,https://github.com/wade-cheng/compile-typst-site,https://wade-cheng.com/compile-typst-site/,MIT,2025-11-05 16:58:26.000,2026-02-27 18:01:54.461,2026-02-27 17:57:05,165.0,,,21.0,12.0,29.0,6.0,2026-02-27 18:02:11.000,2.1.0,574.0,85.66666666666667,18.0,Command-line program for static site generation using Typst.,,,,11,,,,,True,2.0,,compile-typst-site,,,,,,https://crates.io/crates/compile-typst-site,2026-02-27 18:01:54.461,,22.666666666666668,458.0,,,,,,,,,,,,,,,,,,,,
94,TPIX,typstify/tpix-cli,pkg,['cli'],,https://github.com/typstify/tpix-cli,https://github.com/typstify/tpix-cli,MIT,2026-02-19 13:13:54.000,2026-08-25 08:32:17.000,2026-08-25 08:28:29,53.0,1.0,,,,,,2026-08-25 08:35:06.000,0.12.0,141.0,23.0,19.0,"Command line client for TPIX, the Typst package registry.",,,,11,,,,,True,2.0,,,9.0,,,,,,,,,,,,,,,,,github.com/typstify/tpix-cli,https://pkg.go.dev/github.com/typstify/tpix-cli,2026-08-24 03:27:16,True,,,,,,,,,
95,Touying Exporter,touying-typ/touying-exporter,convert,['runnable'],touying,https://github.com/touying-typ/touying-exporter,https://github.com/touying-typ/touying-exporter,MIT,2024-05-21 07:19:02.000,2025-12-13 18:38:19.000,2025-12-13 18:37:14,21.0,10.0,,4.0,8.0,4.0,141.0,2025-12-13 18:38:19.000,0.14.4,,,7.0,Export presentation slides in various formats for Touying.,2.0,2.0,3.0,10,https://pypi.org/project/touying,2025-12-13 18:38:19,,,True,2.0,,,,,,,,,,,,,,,,,,,,,,,,,,,,,,,,
96,PPTypst,Splines/pptypst,mix,"['runnable', 'extension']",,https://github.com/Splines/pptypst,https://splines.github.io/pptypst/,MIT,2026-01-12 20:01:42.000,2026-06-07 22:11:01.000,2026-06-07 01:58:21,84.0,2.0,1.0,54.0,7.0,24.0,141.0,2026-06-07 02:00:28.000,1.2.0,,,3.0,Bring the power of Typst to PowerPoint.,,,2.0,10,,,,,True,2.0,,,4.0,,,,,,,,,,,,,,,,,,,,,,,,,,,,,
97,typst_pyimage,patrick-kidger/typst_pyimage,mix,['runnable'],typst-pyimage,https://github.com/patrick-kidger/typst_pyimage,https://github.com/patrick-kidger/typst_pyimage,Apache-2.0,2023-04-27 18:06:20.000,2025-12-04 14:24:54.000,2025-12-04 14:24:54,20.0,5.0,1.0,3.0,1.0,,120.0,2025-09-26 13:44:52.000,0.1.1,,,6.0,"Typst extension, adding support for generating figures using inline Python code.",,,3.0,10,https://pypi.org/project/typst-pyimage,2025-09-26 13:44:49,,,True,2.0,,,,,,,,,,,,,,,,,,,,,,,,,,,,,,,,
98,Press,RossSmyth/press,coding--tooling,['api'],,https://github.com/RossSmyth/press,https://github.com/RossSmyth/press,,2025-03-01 05:17:05.000,2026-08-30 02:30:05.000,2026-08-30 02:29:51,176.0,9.0,1.0,13.0,1.0,13.0,112.0,2026-07-15 20:20:52.000,2.4,,,12.0,Typst document building in nix.,,,9.0,10,,,,,True,2.0,,,24.0,,,,,,,,,,,,,,,,,,,,,,,,,,,,,
99,mattfbacon/typst-bot,mattfbacon/typst-bot,coding--service,,,https://github.com/mattfbacon/typst-bot,https://github.com/mattfbacon/typst-bot,AGPL-3.0,2023-03-22 08:24:36.000,2026-08-13 18:49:15.000,2026-08-13 18:49:15,184.0,22.0,2.0,19.0,4.0,21.0,109.0,,,,,,A discord bot to render Typst code.,,,12.0,10,,,,,True,1.0,,,3.0,,,,,,,,,,,,,,,,,,,,,,,,,,,,,
100,tylant,Myriad-Dreamin/tylant,convert,['runnable'],,https://github.com/Myriad-Dreamin/tylant,https://myriad-dreamin.github.io/tylant/,Apache-2.0,2025-05-15 11:55:57.000,2026-06-20 20:55:49.000,2026-06-20 20:55:49,189.0,12.0,2.0,6.0,3.0,2.0,104.0,2025-05-30 21:48:09.729,0.0.1,,51.0,1.0,The static-site blog template using astro and typst.,,,3.0,10,,,,,True,2.0,@myriaddreamin/tylant,,7.0,https://www.npmjs.com/package/@myriaddreamin/tylant,2025-05-30 21:48:09.729,,51.0,,,,,,,,,,,,,,,,,,,,,,,,,
101,typst-languagetool,antonWetzel/typst-languagetool,writing--assist,"['runnable', 'extension']",,https://github.com/antonWetzel/typst-languagetool,https://github.com/antonWetzel/typst-languagetool,MIT,2023-08-10 12:17:04.000,2026-08-28 12:39:34.000,2026-08-28 12:39:33,128.0,21.0,2.0,19.0,13.0,39.0,85.0,,,,,,LanguageTool Integration for Typst for spell and grammar check.,,,16.0,10,,,,,True,2.0,,,9.0,,,,,,,,,,,,,,,,,,,,,,,,,,,,,
102,typst-hs,jgm/typst-hs,coding--compiler,['api'],,https://github.com/jgm/typst-hs,https://github.com/jgm/typst-hs,,2023-05-30 16:23:20.000,2026-08-28 05:47:17.000,2026-08-28 05:46:51,396.0,10.0,3.0,25.0,15.0,56.0,76.0,,,,,,Haskell library for parsing and evaluating typst.,,,7.0,10,,,,,True,2.0,,,18.0,,,,,,,,,,,,,,,,,,,,,,,,,,,,,
103,KaiserY/mdbook-typst-pdf,KaiserY/mdbook-typst-pdf,convert,"['cli', 'runnable']",,https://github.com/KaiserY/mdbook-typst-pdf,https://github.com/KaiserY/mdbook-typst-pdf,Apache-2.0,2023-12-06 08:23:06.000,2026-03-28 08:21:04.684,2026-03-28 08:18:22,67.0,7.0,2.0,2.0,5.0,5.0,52.0,2026-03-28 08:26:53.000,0.7.3,2523.0,128.33333333333334,24.0,mdbook typst pdf backend.,2.0,1.0,2.0,10,,,,,True,2.0,,mdbook-typst-pdf,,,,,,https://crates.io/crates/mdbook-typst-pdf,2026-03-28 08:21:04.684,1.0,50.333333333333336,6820.0,,,,,,,,,,,,,,,,,,,,
104,typst-rb,actsasflinn/typst-rb,coding--compiler,['api'],,https://github.com/actsasflinn/typst-rb,https://rubygems.org/gems/typst,Apache-2.0,2023-11-24 04:00:09.000,2026-08-15 15:00:14.000,2026-08-15 15:00:12,100.0,4.0,2.0,4.0,1.0,4.0,41.0,2026-08-02 04:29:44.000,0.15.1.5,1.0,1.0,2.0,"Ruby binding to typst, a new markup-based typesetting system that is powerful and easy to learn.",,,4.0,10,,,,,True,2.0,,,27.0,,,,,,,,,,,,,,,,,,,,,,,,,,,,,
105,go-typst,Dadido3/go-typst,coding--compiler,['api'],,https://github.com/Dadido3/go-typst,https://github.com/Dadido3/go-typst,MIT,2024-12-01 14:03:34.000,2025-12-13 13:25:16.000,2025-12-13 13:23:06,84.0,3.0,2.0,7.0,,,35.0,2025-12-13 13:25:16.000,0.10.0,,,13.0,"A small go module to utilize Typst for PDF, SVG or PNG document/report generation.",8.0,8.0,3.0,10,,,,,True,2.0,,,,,,,,,,,,,,,,,,,,github.com/Dadido3/go-typst,https://pkg.go.dev/github.com/Dadido3/go-typst,2025-12-13 13:23:06,,,,,,,,,,
106,clreq-gap for typst,typst-doc-cn/clreq,docs,"['web', 'multilingual']",,https://github.com/typst-doc-cn/clreq,https://typst-doc-cn.github.io/clreq/,Apache-2.0,2025-06-07 08:39:59.000,2026-08-15 06:45:48.000,2026-08-15 06:45:48,298.0,4.0,1.0,98.0,11.0,10.0,32.0,,,,,,clreq-gap (Chinese layout gap analysis) for typst. 分析 Typst 与中文排版的差距。https://gap.zhtyp.art.,,,5.0,10,,,,,True,2.0,,,26.0,,,,,,,,,,,,,,,,,,,,,,,,,,,,,
107,TypstPad,dbccccccc/TypstPad,math,['web'],,https://github.com/dbccccccc/TypstPad,https://typstpad.com,MIT,2025-12-26 02:31:59.000,2026-08-23 02:08:01.000,2026-08-23 01:40:28,46.0,2.0,,2.0,,1.0,29.0,2026-08-23 02:08:01.000,0.10.0,,,33.0,"TypstPad is an online Typst formula editor for creating, previewing, and exporting math formulas.",,,,10,,,,,True,2.0,,,4.0,,,,,,,,,,,,,,,,,,,,,,,,,,,,,
108,zeta ζ,lentilus/zeta,writing--visual,"['extension', 'cli', 'runnable']",,https://github.com/lentilus/zeta,https://github.com/lentilus/zeta,,2024-11-03 15:31:53.000,2026-06-13 16:42:17.000,2026-06-08 08:30:01,373.0,3.0,1.0,13.0,2.0,,26.0,2026-06-08 08:38:06.000,0.3.7,228.0,11.0,11.0,a performant lsp for navigating typst notes.,,,4.0,10,,,,,True,2.0,,,3.0,,,,,,,,,,,,,,,,,,,,,,,,,,,,,
109,textlint-plugin-typst,textlint/textlint-plugin-typst,writing--assist,['extension'],,https://github.com/textlint/textlint-plugin-typst,https://www.npmjs.com/package/textlint-plugin-typst,MIT,2024-03-03 07:08:52.000,2026-03-04 16:48:49.564,2026-03-04 16:40:37,69.0,2.0,1.0,32.0,1.0,7.0,23.0,2026-03-04 16:48:49.564,1.4.2,,45.0,10.0,textlint plugin to lint Typst.,6.0,6.0,2.0,10,,,,,True,2.0,textlint-plugin-typst,,,https://www.npmjs.com/package/textlint-plugin-typst,2026-03-04 16:48:49.564,,45.0,,,,,,,,,,,,,,,,,,,,,,,,,
110,showman,ntjess/showman,pkg,['runnable'],showman,https://github.com/ntjess/showman,https://github.com/ntjess/showman,MIT,2023-12-20 09:20:14.000,2024-11-28 03:21:18.000,2024-11-28 03:20:09,53.0,2.0,1.0,1.0,4.0,,20.0,2024-11-10 21:20:49.000,0.1.2,,25.0,3.0,Automagic typst package documentation & development.,44.0,44.0,2.0,10,https://pypi.org/project/showman,2024-11-10 21:20:49,,25.0,False,3.0,,,,,,,,,,,,,,,,,,,,,,,,,,,,,,,,
111,typstsharp,evolvedlight/typstsharp,coding--compiler,['api'],,https://github.com/evolvedlight/typstsharp,https://github.com/evolvedlight/typstsharp,MIT,2025-11-16 20:32:42.000,2026-08-10 21:16:30.000,2026-08-10 21:16:30,75.0,3.0,1.0,18.0,5.0,8.0,18.0,2026-08-01 18:21:10.000,0.15.1,2.0,0.0,14.0,Typst binding for C#.,,,3.0,10,,,,,True,2.0,,,27.0,,,,,,,,,,,,,,,,,,,,,,,,,,,,,
112,java-typst,fatihcatalkaya/java-typst,coding--compiler,['api'],,https://github.com/fatihcatalkaya/java-typst,https://github.com/fatihcatalkaya/java-typst,Apache-2.0,2024-09-03 19:27:14.000,2026-07-27 21:46:54.000,2026-07-27 21:46:51,32.0,1.0,1.0,11.0,,3.0,17.0,2026-07-27 21:46:54.000,2.2.0,,,8.0,A library to render Typst templates in Java. Works even on Android.,2.0,2.0,2.0,10,,,,,True,2.0,,,3.0,,,,,,,,,,,,,,,,,,,,,io.github.fatihcatalkaya:java-typst,https://search.maven.org/artifact/io.github.fatihcatalkaya/java-typst,2026-05-06 15:45:36,,,,,,
113,typstpy,beibingyangliuying/python-typst,coding--gen,['api'],typstpy,https://github.com/beibingyangliuying/python-typst,https://github.com/beibingyangliuying/python-typst,MIT,2024-09-22 12:02:41.000,2026-06-02 00:38:30.000,2026-05-24 04:05:17,71.0,,2.0,,1.0,2.0,11.0,2026-01-04 10:40:13.000,1.3.0,,1809.0,25.0,Python interface to generate Typst code.,2.0,2.0,,10,https://pypi.org/project/typstpy,2026-06-02 00:38:30,,1809.0,True,2.0,,,,,,,,,,,,,,,,,,,,,,,,,,,,,,,,
114,benzlokzik/typster,benzlokzik/typster,writing--text,['runnable'],,https://github.com/typster-io/typster,https://github.com/typster-io/typster,AGPL-3.0,2025-12-22 01:32:37.000,2026-08-17 10:18:29.000,2026-07-13 10:13:07,323.0,2.0,,114.0,6.0,24.0,10.0,,,,,,typst-app-like webapp.,,,6.0,10,,,,,True,2.0,,,49.0,,,,,,,,,,,,,,,,typster-io/typster,,,,,,,,,,,,,
115,LSP-Tinymist,sublimelsp/LSP-Tinymist,writing--text,['extension'],,https://github.com/sublimelsp/LSP-Tinymist,https://packagecontrol.io/packages/LSP-Tinymist,MIT,2025-09-05 16:59:37.000,2026-08-02 14:53:03.000,2026-06-22 21:38:59,58.0,,4.0,23.0,1.0,5.0,5.0,2026-06-22 21:40:42.000,1.13.0,,,17.0,Typst support for Sublimes LSP plugin using the Tinymist language server.,,,3.0,10,,,,,True,2.0,,,6.0,,,,,,,,,,,,,,,,,,,,,,,,,,,,,
116,SapienAI,Academic-ID/sapienAI,writing--agent,"['runnable', 'web']",,https://github.com/Academic-ID/sapienAI,https://academicid.io/,,2024-03-31 06:30:08.000,2026-06-13 06:28:28.000,2026-06-13 06:28:27,47.0,20.0,4.0,2.0,9.0,4.0,206.0,2025-08-01 01:33:23.000,0.3.0,,,19.0,"Self-hosted academic chatbot, research workspaces and editor (LaTex, Typst, markdown, ...) leveraging local and..",,,,9,,,,,True,1.0,,,1.0,,,,,,,,,,,,,,,,,,,,,,,,,,,,,
117,Typst Extension for Zed,zed-extensions/typst,writing--text,['extension'],,https://github.com/zed-extensions/typst,https://zed.dev/extensions/typst,Apache-2.0,2024-04-27 19:27:52.000,2026-08-22 09:27:03.000,2026-08-22 09:26:43,43.0,16.0,2.0,35.0,21.0,15.0,197.0,,,,,,Typst extension for zed.,,,11.0,9,,,,,True,3.0,,,6.0,,,,,,,,,,,,,,,,,,,,,,,,,,,,,
118,SeniorMars/tree-sitter-typst,SeniorMars/tree-sitter-typst,writing--text,['extension'],,https://github.com/SeniorMars/tree-sitter-typst,https://github.com/SeniorMars/tree-sitter-typst,MIT,2023-03-22 02:07:13.000,2026-07-28 19:24:43.000,2026-07-28 19:24:39,27.0,7.0,9.0,4.0,6.0,1.0,170.0,,,,,,A TreeSitter parser for the Typst File Format.,,,2.0,9,,,,,True,3.0,,,11.0,,,,,,,,,,,,,,,,,,,,,,,,,,,,,
119,lucifer1004/claude-skill-typst,lucifer1004/claude-skill-typst,writing--agent,['extension'],,https://github.com/lucifer1004/claude-skill-typst,https://github.com/lucifer1004/claude-skill-typst,MIT,2026-01-24 02:07:13.000,2026-08-24 06:58:19.000,2026-08-24 06:58:18,61.0,5.0,,2.0,,,120.0,,,,,,Typst skill for agents.,,,2.0,9,,,,,True,1.0,,,19.0,,,,,,,,,,,,,,,,,,,,,,,,,,,,,
120,Typst Sympy Calculator,OrangeX4/typst-sympy-calculator,misc,"['extension', 'runnable']",typst-sympy-calculator,https://github.com/OrangeX4/typst-sympy-calculator,https://github.com/OrangeX4/typst-sympy-calculator,MIT,2023-05-30 10:53:53.000,2024-01-28 08:23:13.000,2024-01-28 08:23:05,38.0,6.0,3.0,1.0,2.0,2.0,63.0,2024-01-28 08:22:13.000,0.6.2,,31.0,16.0,Parse typst math expressions into sympy form for calc and define your custom functions in typst files.,2.0,2.0,1.0,9,https://pypi.org/project/typst-sympy-calculator,2024-01-28 08:22:13,,31.0,False,2.0,,,,,,,,,,,,,,,,,,,,,,,,,,,,,,,,
121,math-conceal.nvim,pxwg/math-conceal.nvim,math,"['extension', 'multilingual']",,https://github.com/pxwg/math-conceal.nvim,https://luarocks.org/modules/pxwg/math-conceal.nvim,MIT,2025-04-17 01:30:40.000,2026-08-25 07:09:22.000,2026-08-24 16:12:50,152.0,2.0,2.0,143.0,4.0,20.0,62.0,,,,,,"Faster, Stronger LaTeX and Typst conceal for neovim with the power of Rust!.",,,8.0,9,,,,,True,2.0,,,18.0,,,,,,,,,,,,,,,,,,,,,,,,,,,,,
122,dailydaniel/typos,dailydaniel/typos,writing--text,"['app', 'cli']",,https://github.com/dailydaniel/typos,https://dailydaniel.github.io/typos/,Apache-2.0,2025-12-02 12:44:56.000,2026-03-27 22:09:07.000,2026-03-27 22:08:36,64.0,1.0,2.0,,2.0,1.0,56.0,2026-03-27 22:19:55.000,0.2.5,349.0,69.0,7.0,"A Typst-native note-taking system powered by Rust and Tauri with typed metadata, cross-references, backlinks, and..",,,,9,,,,,True,3.0,,,,,,,,,,,,,,,,,,,,,,,,,,,,,,,,
123,slidev-addon-typst,shigma/slidev-addon-typst,mix,['extension'],,https://github.com/shigma/slidev-addon-typst,https://slidev-addon-typst.vercel.app,MIT,2025-05-21 04:40:57.000,2025-05-21 14:01:04.000,2025-05-21 14:00:57,6.0,,1.0,,,,56.0,2025-05-21 14:00:41.101,1.0.2,,33.0,3.0,Typst addon for Slidev.,,,1.0,9,,,,,False,2.0,slidev-addon-typst,,,https://www.npmjs.com/package/slidev-addon-typst,2025-05-21 14:00:41.101,,33.0,,,,,,,,,,,,,,,,,,,,,,,,,
124,Typst HTTP API,slashformotion/typst-http-api,coding--service,"['runnable', 'web']",,https://github.com/slashformotion/typst-http-api,https://github.com/slashformotion/typst-http-api,MIT,2023-05-06 09:48:34.000,2026-01-20 10:58:06.000,2026-01-20 10:58:06,59.0,6.0,1.0,71.0,,3.0,39.0,2025-09-16 13:26:40.000,0.3.8,,,9.0,Compile typst documents with a simple HTTP request.,,,3.0,9,,,,,True,2.0,,,,,,,,,,,,,,,,,,,,,,,,,,,,,,,,
125,Tyler,mkpoli/tyler,pkg,['runnable'],,https://github.com/mkpoli/tyler,https://github.com/mkpoli/tyler,MIT,2024-11-18 12:53:45.000,2026-08-04 10:01:26.762,2026-08-04 10:01:01,133.0,,1.0,1.0,,2.0,33.0,2026-08-04 10:01:26.762,0.10.4,,319.0,25.0,"Typst package (libraries, templates) publishing utilty CLI tool.",,,1.0,9,,,,,True,3.0,@mkpoli/tyler,,2.0,https://www.npmjs.com/package/@mkpoli/tyler,2026-08-04 10:01:26.762,,319.0,,,,,,,,,,,,,,,,,,,,,,,,,
126,Typst math VS Code Extension,supersurviveur/typst-math,math,['extension'],,https://github.com/jthillard/typst-math,https://marketplace.visualstudio.com/items?itemName=surv.typst-math,MIT,2024-01-11 11:45:46.000,2025-06-30 14:35:55.000,2025-06-30 14:35:55,165.0,2.0,1.0,5.0,4.0,30.0,33.0,2025-04-11 14:59:48.000,0.1.10,25.0,0.0,10.0,A VS Code extension to simplify math writing in Typst.,,,3.0,9,,,,,False,2.0,,,,,,,,,,,,,,,,,,,jthillard/typst-math,,,,,,,,,,,,,
127,Weibian,hanwenguo/weibian,convert,['cli'],,https://github.com/hanwenguo/weibian,https://hanwenguo.github.io/weibian/,GPL-3.0,2025-06-17 17:37:20.000,2026-08-12 04:15:25.000,2026-08-12 02:18:30,168.0,1.0,,6.0,,,18.0,,,68.0,8.0,8.0,韦编: A Note System Powered by Typst.,,,,9,,,,,True,3.0,,,34.0,,,,,,,,,,,,,,,,,,,,,,,,,,,,,
128,markdown-it-typst,Xecades/markdown-it-typst,mix,['extension'],,https://github.com/Xecades/markdown-it-typst,https://www.npmjs.com/package/@xecades/markdown-it-typst,MIT,2024-09-16 08:55:17.000,2025-05-01 08:02:57.000,2025-05-01 08:02:52,8.0,1.0,1.0,,,1.0,18.0,2025-04-28 10:37:11.395,1.0.3,,23.0,2.0,Plugin to transform Typst code to SVG image for markdown-it markdown parser.,1.0,1.0,,9,,,,,False,2.0,@xecades/markdown-it-typst,,,https://www.npmjs.com/package/@xecades/markdown-it-typst,2025-04-28 10:37:11.395,,23.0,,,,,,,,,,,,,,,,,,,,,,,,,
129,kern,tejasprabhune/kern,math,['api'],,https://github.com/tejasprabhune/kern,https://tejasprabhune.github.io/kern/,MIT,2026-05-13 22:25:22.000,2026-05-16 04:47:03.857,2026-05-14 19:05:31,47.0,,,,,,18.0,2026-05-16 04:47:03.857,0.2.0,,36.0,3.0,"A fast, zero-dependency JavaScript library that renders Typst math syntax to HTML/CSS/MathML in the browser. Drop-in..",,,,9,,,,,True,2.0,kern-typ,,,https://www.npmjs.com/package/kern-typ,2026-05-16 04:47:03.857,,36.0,,,,,,,,,,,,,,,,,,,,,,,,,
130,typst-ansi-hl,frozolotl/typst-ansi-hl,mix,['runnable'],,https://github.com/frozolotl/typst-ansi-hl,https://github.com/frozolotl/typst-ansi-hl,EUPL-1.2,2024-01-28 20:42:16.000,2026-01-24 19:36:08.000,2026-01-24 19:35:22,56.0,4.0,1.0,4.0,2.0,3.0,15.0,2025-02-24 22:25:37.000,0.4.0,,,3.0,typst-ansi-hl highlights your Typst code.,21.0,21.0,3.0,9,,,,,True,2.0,,,,,,,,,,,,,,,,,,,,,,,,,,,,,,,,
131,tex2typst-rs,xyy-cas/tex2typst-rs,math,"['api', 'web']",,https://github.com/xyy-cas/tex2typst-rs,https://xyy-cas.github.io/tex2typst-UI/,GPL-3.0,2025-01-28 12:31:17.000,2026-06-19 01:29:35.000,2026-06-19 01:29:34,64.0,3.0,1.0,1.0,2.0,,15.0,2025-02-17 13:20:43.184,0.4.1,,662.0,16.0,A Rust library that converts TeX code to Typst code.,5.0,5.0,2.0,9,,,,,True,2.0,,tex2typst-rs,1.0,,,,,https://crates.io/crates/tex2typst-rs,2025-02-17 13:20:43.184,,662.0,15857.0,,,,,,,,,,,,,,,,,,,,
132,typfont,hooyuser/typst_font_manager,writing--assist,['cli'],,https://github.com/hooyuser/typst_font_manager,https://github.com/hooyuser/typst_font_manager,GPL-3.0,2024-09-06 14:35:33.000,2026-06-29 01:58:34.000,2026-06-29 01:45:02,96.0,,,1.0,,,14.0,2026-06-29 01:27:09.000,0.2.0,179.0,21.666666666666664,12.0,A CLI tool to manage fonts for Typst projects.,,,2.0,9,,,,,True,3.0,,typst_font_manager,5.0,,,,,https://crates.io/crates/typst_font_manager,2025-04-12 03:47:41.924,,12.666666666666666,1526.0,,,,,,,,,,,,,,,,,,,,
133,yank,roosta/yank,ref,['extension'],,https://github.com/roosta/yank,https://addons.mozilla.org/en-US/firefox/addon/yank/,MIT,2017-05-18 18:16:02.000,2026-08-26 10:10:52.000,2026-08-26 10:10:44,419.0,1.0,1.0,68.0,,3.0,13.0,2025-07-21 11:44:30.000,2.1.1,42.0,0.0,13.0,"A Firefox extension to copy current tab URL and title to clipboard, formatted for a markup language. Supports several..",4.0,4.0,2.0,9,,,,,True,1.0,,,18.0,,,,,,,,,,,,,,,,,,,,,,,,,,,,,
134,Typst Toolbox,Quorafind/typst-toolbox,mix,"['extension', 'multilingual']",,https://github.com/Quorafind/typst-toolbox,https://github.com/Quorafind/typst-toolbox,Apache-2.0,2025-11-11 06:45:28.000,2026-04-01 01:02:12.000,2026-04-01 01:00:43,17.0,,,,,,13.0,2026-04-01 01:04:13.000,1.3.0,783.0,97.0,6.0,"A comprehensive Typst integration toolbox for Obsidian, enabling seamless Markdown-to-Typst conversion, document..",,,,9,,,,,True,2.0,,,,,,,,,,,,,,,,,,,,,,,,,,,,,,,,
135,gotypst,francescoalemanno/gotypst,coding--compiler,['api'],,https://github.com/francescoalemanno/gotypst,https://github.com/francescoalemanno/gotypst,Apache-2.0,2024-09-15 10:53:52.000,2026-03-23 06:39:53.000,2026-03-23 06:38:14,25.0,,1.0,,1.0,,12.0,2026-03-23 06:39:53.000,0.2.0,,,8.0,gotypst is a Go package that compiles Typst code into a PDF. It provides an easy-to-use function to pass Typst markup..,6.0,4.0,2.0,9,,,,,True,3.0,,,,,,,,,,,,,,,,,,,,github.com/francescoalemanno/gotypst,https://pkg.go.dev/github.com/francescoalemanno/gotypst,2026-03-23 06:38:14,,,,,2.0,,,,,
136,pagemaker,maucworks/typst-pagemaker,convert,['runnable'],typst-pagemaker,https://github.com/maucworks/typst-pagemaker,https://github.com/maucworks/typst-pagemaker,MIT,2025-09-26 12:07:13.000,2026-05-12 19:23:48.000,2026-05-12 19:23:08,110.0,,1.0,,,1.0,11.0,2026-05-12 19:23:48.000,0.3.0,,,21.0,A grid-based layouting system described in structured text (org-mode) to typst converter.,,,,9,https://pypi.org/project/typst-pagemaker,2026-05-12 19:23:48,,,True,3.0,,,,,,,,,,,,,,,,,,,,,,,,,,,,,,,,
137,typst-raster,RayZ3R0/typst-raster,coding--compiler,['api'],,https://github.com/RayZ3R0/typst-raster,https://www.npmjs.com/package/typst-raster,MIT,2025-12-03 08:57:11.000,2025-12-05 11:51:37.000,2025-12-05 11:51:34,19.0,2.0,,1.0,,,11.0,2025-12-05 11:32:51.000,1.2.2,,236.0,10.0,Blazing-fast Typst → PNG/JPEG/WebP renderer for Node.js using native Rust compiler + Sharp.,,,,9,,,,,True,3.0,typst-raster,,,https://www.npmjs.com/package/typst-raster,2025-12-05 11:32:50.655,,236.0,,,,,,,,,,,,,,,,,,,,,,,,,
138,11ty-pst,uwni/11ty-pst,mix,['extension'],,https://github.com/uwni/11ty-pst,https://github.com/uwni/11ty-pst,MIT,2025-09-18 09:55:52.000,2026-07-04 03:45:53.000,2026-07-04 03:45:53,34.0,2.0,,2.0,,,7.0,2026-01-13 09:34:31.023,0.4.2,,41.0,17.0,An Eleventy plugin that enables you to write content in Typst format with automatic dual HTML/PDF output generation.,1.0,1.0,3.0,9,,,,,True,2.0,eleventy-plugin-typst,,2.0,https://www.npmjs.com/package/eleventy-plugin-typst,2026-01-19 20:28:55.101,,41.0,,,,,,,,,,,,,,,,,,,,,,,,,
139,tohaya,FNNDSC/tohaya,ref,"['web', 'cli']",,https://github.com/FNNDSC/tohaya,https://fnndsc.github.io/tohaya/,Apache-2.0,2025-06-09 19:22:18.000,2025-09-23 11:05:52.431,2025-09-23 11:00:51,39.0,1.0,,,,,6.0,2025-09-23 11:05:52.431,0.1.2,251.0,41.0,5.0,Convert academic citations to hayagriva YAML.,,,,9,,,,,False,1.0,tohaya,tohaya,,https://www.npmjs.com/package/tohaya,2025-09-23 11:05:52.431,,19.0,https://crates.io/crates/tohaya,2025-09-23 11:02:02.830,,5.0,829.0,,,,,,,,,,,,,,,,,,,,
140,sertyp,Uhrendoktor/sertyp,wasm,"['api', 'typst-package']",,https://github.com/Uhrendoktor/sertyp,https://github.com/Uhrendoktor/sertyp,MIT,2025-12-08 01:42:38.000,2026-08-23 13:50:17.000,2026-07-13 10:46:14,52.0,1.0,1.0,1.0,,,5.0,2026-07-13 10:45:46.415,0.1.5,,18.0,5.0,Typst Serialization and Deserialization.,,,2.0,9,,,,,True,2.0,,sertyp,2.0,,,,,https://crates.io/crates/sertyp,2026-07-13 10:45:46.415,,18.0,120.0,,,,,,-1.0,,,,,,,,,,,,,,
141,typst-batch,tola-ssg/typst-batch,coding--compiler,['api'],,https://github.com/tola-rs/typst-batch,https://github.com/tola-rs/typst-batch,MIT,2026-01-04 08:37:12.000,2026-05-24 13:46:17.630,2026-05-24 13:45:40,13.0,1.0,,,,,4.0,2026-05-24 13:46:17.630,0.2.8,,64.33333333333333,11.0,"Typst unofficial library for batch processing — friendly API, shared resources, virtual files, customizable diagnostics.",,,,9,,,,,True,3.0,,typst-batch,,,,,,https://crates.io/crates/typst-batch,2026-05-24 13:46:17.630,,64.33333333333333,533.0,,,,,,,tola-rs/typst-batch,,,,,,,,,,,,,
142,Typst.Native,leus/Typst.Native,coding--compiler,['api'],,https://github.com/leus/Typst.Native,https://github.com/leus/Typst.Native,MIT,2026-03-10 20:52:55.000,2026-08-01 12:44:14.000,2026-08-01 12:40:43,23.0,1.0,,17.0,,,4.0,2026-07-14 14:39:16.000,0.15.0,12.0,2.0,4.0,".NET bindings for Typst — compile Typst documents to PDF, SVG, and PNG directly from .NET.",,,3.0,9,,,,,True,3.0,,,15.0,,,,,,,,,,,,,,,,,,,,,,,,,,,,,
143,HackingGate/typst-out,HackingGate/typst-out,coding--tooling,,,https://github.com/HackingGate/typst-out,https://github.com/HackingGate/typst-out,MIT,2023-03-30 16:15:17.000,2026-02-03 14:06:18.000,2026-02-03 14:06:18,1025.0,,,941.0,1.0,6.0,3.0,2026-01-13 15:41:30.000,3.1.0,,,4.0,"This GitHub action builds Typst files in your repository using a custom Typst ref, producing configurable output files..",,,3.0,9,,,,,True,2.0,,,,,,,,,,,,,,,,,,,,,,,,,,,,,,,,
144,Typst dev builds,typst-community/dev-builds,coding--tooling,['cli'],,https://github.com/typst-community/dev-builds,https://typst-community.github.io/dev-builds/,Apache-2.0,2025-09-26 06:58:24.000,2026-07-19 15:35:23.000,2026-07-01 12:49:27,41.0,1.0,1.0,20.0,1.0,3.0,3.0,2026-07-19 15:35:23.000,typst-main.2026-07-17.8949517,2949.0,268.0,31.0,Unofficial builds of Typst artifacts for development purposes.,,,2.0,9,,,,,True,2.0,,,5.0,,,,,,,,,,,,,,,,,,,,,,,,,,,,,
145,Hayagriva对GB/T 7714—2015的支持情况,YDX-2147483647/hayagriva-gb-tracking,ref,"['api', 'web', 'non-english']",,https://github.com/YDX-2147483647/hayagriva-gb-tracking,https://ydx-2147483647.github.io/hayagriva-gb-tracking/,Apache-2.0,2025-12-24 15:02:07.000,2026-08-30 07:14:11.000,2026-08-30 07:13:16,103.0,,1.0,43.0,,,,2026-06-16 00:53:01.000,hayagriva-py-v0.10.1,480.0,68.0,3.0,测试Hayagriva对GB/T 7714—2015的支持情况 Is Hayagriva ready for GB/T 7714—2015?.,,,2.0,9,,,,,True,1.0,,,29.0,,,,,,,,,,,,,,,,,,,,,,,,,,,,,
146,Nonsense™,SylvanFranklin/nonsense,misc,"['web', 'typst-package']",,https://github.com/SylvanFranklin/nonsense,https://sylvanfranklin.github.io/nonsense/,MIT,2024-12-08 22:40:57.000,2025-09-20 16:38:37.000,2025-09-20 16:38:37,125.0,10.0,3.0,9.0,,2.0,402.0,,,,,,Nonsensical Math Paper Generator.,,,8.0,8,,,,,False,2.0,,,,,,,,,,,,,,,,,,,,,,,,,,,,,,,,
147,typst.nvim,SeniorMars/typst.nvim,writing--text,['extension'],,https://github.com/SeniorMars/typst.nvim,https://github.com/SeniorMars/typst.nvim,Apache-2.0,2023-03-22 00:14:48.000,2026-07-09 21:42:52.000,2023-04-04 21:41:19,6.0,3.0,14.0,2.0,2.0,,152.0,,,,,,"WIP. Goals: Treesitter highlighting, snippets, and a smooth intergration with neovim.",,,1.0,8,,,,,False,3.0,,,,,,,,,,,,,,,,,,,,,,,,,,,,,,,,
148,typst-preview.el,havarddj/typst-preview.el,writing--text,['extension'],,https://github.com/havarddj/typst-preview.el,https://github.com/havarddj/typst-preview.el,GPL-3.0,2023-12-31 01:48:46.000,2026-06-17 20:24:36.000,2026-06-17 20:23:35,79.0,10.0,1.0,8.0,2.0,14.0,141.0,2025-11-10 08:28:22.000,1.0.0,,,3.0,Typst live preview minor mode for emacs.,,,6.0,8,,,,,True,3.0,,,2.0,,,,,,,,,,,,,,,,,,,,,,,,,,,,,
149,Nxllpointer/Tide,Nxllpointer/tide,writing--visual,['runnable'],,https://github.com/Nxllpointer/tide,https://github.com/Nxllpointer/tide,Apache-2.0,2024-11-24 14:59:11.000,2025-08-27 19:20:48.000,2025-03-17 18:29:39,74.0,,2.0,,1.0,,94.0,2025-01-10 20:35:33.000,1.1.0,,,2.0,The Batteries-Included Typst Notetaking IDE.,,,,8,,,,,False,2.0,,,,,,,,,,,,,,,,,,,,,,,,,,,,,,,,
150,wflixu/typster,wflixu/typster,writing--visual,"['app', 'non-english']",,https://github.com/wflixu/typster,https://github.com/wflixu/typster,MIT,2023-04-03 13:41:32.000,2026-03-10 15:10:38.000,2025-12-06 15:10:39,67.0,7.0,2.0,8.0,4.0,5.0,63.0,2025-01-06 12:51:54.000,0.12.1.12,653.0,22.0,7.0,a typst reader and editor.,,,2.0,8,,,,,True,2.0,,,,,,,,,,,,,,,,,,,,,,,,,,,,,,,,
151,InkPond,Lin0u0/InkPond,writing--text,"['app', 'multilingual']",,https://github.com/Lin0u0/InkPond,https://github.com/Lin0u0/InkPond,Apache-2.0,2026-03-02 13:57:27.000,2026-07-10 12:09:01.000,2026-07-03 07:09:34,162.0,6.0,1.0,23.0,11.0,1.0,61.0,,,,,,A native iOS/iPadOS editor for Typst — the modern typesetting system.,,,5.0,8,,,,,True,3.0,,,37.0,,,,,,,,,,,,,,,,,,,,,,,,,,,,,
152,typst-package-template,typst-community/typst-package-template,pkg,,,https://github.com/typst-community/typst-package-template,https://github.com/typst-community/typst-package-template,Unlicense,2024-05-19 12:57:57.000,2026-07-08 12:41:06.000,2026-07-08 12:41:06,65.0,15.0,3.0,35.0,5.0,3.0,54.0,,,,,,A template to start your Typst package repositories from.,,,8.0,8,,,,,True,3.0,,,1.0,,,,,,,,,,,,,,,,,,,,,,,,,,,,,
153,Prettypst,antonWetzel/prettypst,writing--assist,"['runnable', 'extension']",,https://github.com/antonWetzel/prettypst,https://github.com/antonWetzel/prettypst,MIT,2023-11-21 14:59:25.000,2026-07-22 15:40:20.000,2026-07-22 15:40:20,34.0,4.0,1.0,3.0,3.0,7.0,53.0,2025-01-25 12:51:19.000,2.0.0,,,1.0,Formatter for Typst.,,,2.0,8,,,,,True,3.0,,,7.0,,,,,,,,,,,,,,,,,,,,,,,,,,,,,
154,Tanim,liquidhelium/tanim,misc,['runnable'],,https://github.com/liquidhelium/tanim,https://github.com/liquidhelium/tanim,Apache-2.0,2025-09-27 16:22:21.000,2026-03-21 03:26:45.473,2026-03-21 03:25:58,58.0,1.0,,,2.0,2.0,51.0,2026-03-21 03:26:45.473,0.14.3,,7.666666666666667,4.0,Make your animation in typst.,,,1.0,8,,,,,True,2.0,,tanim-cli,,,,,,https://crates.io/crates/tanim-cli,2026-03-21 03:26:45.473,,7.666666666666667,596.0,,,,,,,,,,,,,,,,,,,,
155,typst-fillable,carpe-diem/typst-fillable,mix,['api'],typst-fillable,https://github.com/carpe-diem/typst-fillable,https://github.com/carpe-diem/typst-fillable,MIT,2025-12-23 14:50:01.000,2025-12-30 23:47:11.000,2025-12-30 23:47:07,14.0,3.0,,1.0,3.0,,43.0,2025-12-29 16:48:37.000,0.0.1,,45.0,1.0,"Create fillable PDF forms from Typst templates with interactive text fields, checkboxes, and radio buttons.",,,1.0,8,https://pypi.org/project/typst-fillable,2025-12-29 16:48:37,,45.0,True,3.0,,,,,,,,,,,,,,,,,,,,,,,,,,,,,,,,
156,Typsidian,fogsong233/Typsidian,mix,['extension'],,https://github.com/fogsong233/Typsidian,https://github.com/fogsong233/Typsidian,,2025-07-31 06:38:33.000,2025-12-13 14:00:19.000,2025-12-13 14:00:19,43.0,2.0,,4.0,4.0,4.0,42.0,2025-11-20 16:09:12.000,1.5.0,452.0,37.0,9.0,A typst tool for obsidian.,,,3.0,8,,,,,True,3.0,,,,,,,,,,,,,,,,,,,,,,,,,,,,,,,,
157,jeffa5/typstfmt,jeffa5/typstfmt,writing--assist,['runnable'],,https://github.com/jeffa5/typstfmt,https://github.com/jeffa5/typstfmt,MIT,2023-07-07 21:56:34.000,2026-08-16 07:59:34.000,2024-10-24 07:49:56,144.0,4.0,1.0,70.0,,5.0,34.0,,,,,,"A formatter for Typst code, with flake.nix and pre-commit.",,,4.0,8,,,,,False,3.0,,,,,,,,,,,,,,,,,,,,,,,,,,,,,,,,
158,Typst commute editor,EricWay1024/tikzcd-editor,mix,['web'],,https://github.com/EricWay1024/tikzcd-editor,https://t.yw.je,MIT,2023-10-26 07:35:05.000,2023-10-31 20:02:27.000,2023-10-31 19:53:38,344.0,,,,,,30.0,2023-10-31 20:02:27.000,0.9.0,9.0,0.0,1.0,Drawing commutative diagrams for Typst commute.,,,11.0,8,,,,,False,3.0,,,,,,,,,,,,,,,,,,,,,,,,,,,,,,,,
159,r2typ,y-sunflower/r2typ,coding--gen,['api'],,https://github.com/y-sunflower/r2typ,https://y-sunflower.github.io/r2typ/,MIT,2025-10-05 18:26:40.000,2026-03-26 13:35:01.000,2026-03-26 13:25:41,148.0,,1.0,12.0,2.0,36.0,21.0,2026-02-21 15:08:38.000,0.3.3,26.0,2.0,12.0,r2typ (R to Typst): An R package for generating Typst markup.,,,,8,,,,,True,3.0,,,,,,,,,,,,,,,,,,,,,,,,,,,,,,,,
160,Jupyter to Typst converter,8LWXpg/jupyter2typst,convert,['cli'],,https://github.com/8LWXpg/jupyter2typst,https://github.com/8LWXpg/jupyter2typst,MIT,2023-09-02 03:51:07.000,2026-08-20 13:25:53.000,2026-08-20 13:25:29,159.0,,1.0,1.0,2.0,2.0,20.0,2026-08-20 13:26:03.000,1.4.0,128.0,4.0,11.0,Jupyter to Typst converter with template support.,,,,8,,,,,True,3.0,,,1.0,,,,,,,,,,,,,,,,,,,,,,,,,,,,,
161,markdown2typst,Mapaor/markdown2typst,convert,"['api', 'web']",,https://github.com/Mapaor/markdown2typst,https://mapaor.github.io/markdown2typst/,MIT,2026-01-14 12:44:55.000,2026-08-03 11:53:48.000,2026-08-03 11:53:48,27.0,2.0,,2.0,,1.0,18.0,2026-01-14 20:03:25.053,0.1.3,,406.0,4.0,A JavaScript library for converting Markdown to Typst code.,1.0,1.0,2.0,8,,,,,True,3.0,markdown2typst,,1.0,https://www.npmjs.com/package/markdown2typst,2026-01-14 20:03:25.053,,406.0,,,,,,,,,,,,,,,,,,,,,,,,,
162,Typst WYSIWYG,ortic/typst-wysiwyg,writing--visual,"['runnable', 'web']",,https://github.com/ortic/typst-wysiwyg,https://ortic.github.io/typst-wysiwyg/,MIT,2026-06-17 06:48:49.000,2026-08-11 06:55:26.000,2026-07-07 04:49:41,90.0,,3.0,5.0,,4.0,10.0,,,,,,Block-based WYSIWYG prototype for Typst documents — no code required.,,,,8,,,,,True,2.0,,,90.0,,,,,,,,,,,,,,,,,,,,,,,,,,,,,
163,citext,Shuenhoy/citext,ref,['typst-package'],,https://github.com/Shuenhoy/citext,https://github.com/Shuenhoy/citext,MIT,2024-08-25 07:05:58.000,2026-03-17 02:43:37.000,2026-03-17 02:43:19,27.0,4.0,2.0,5.0,,2.0,6.0,2026-03-17 02:47:09.000,0.5.0,,,5.0,This package provides: 1. Bilingual bibliography hack before official Typst support for CSL-M (typst/citationberg#5)...,,,5.0,8,,,,,True,2.0,,,,,,,,,,,,,,,,,,,,,,,,,,,,,,,,
164,em-dee-pdf,brendandebeasi/em-dee-pdf,convert,"['runnable', 'api']",,https://github.com/brendandebeasi/em-dee-pdf,https://github.com/brendandebeasi/em-dee-pdf,Apache-2.0,2026-02-28 18:09:47.000,2026-06-05 16:55:20.000,2026-06-05 16:55:20,20.0,1.0,,3.0,1.0,,6.0,2026-05-07 01:16:05.000,1.0.0,40.0,13.0,1.0,Markdown to PDF converter with beautiful templates.,,,3.0,8,,,,,True,3.0,,,7.0,,,,,,,,,,,,,,,,,,,,,,,,,,,,,
165,docpack,Acture/docpack,convert,['cli'],,https://github.com/Acture/docpack,https://github.com/Acture/docpack,AGPL-3.0-only,2025-07-19 17:52:11.000,2026-03-06 07:52:59.791,2026-03-06 07:46:53,49.0,1.0,,,,,6.0,2026-03-06 07:53:13.000,0.2.1,26.0,5.0,2.0,🔁 Convert structured data (CSV/JSON/YAML/TOML/XLSX) into Typst syntax for embedding in documents.,,,,8,,,,,True,3.0,,docpack,,,,,,https://crates.io/crates/docpack,2026-03-06 07:52:59.791,,3.0,26.0,,,,,,,,,,,,,,,,,,,,
166,Markdown-It Typst Math,Lowmst/markdown-it-typst-math,math,['extension'],,https://github.com/Lowmst/markdown-it-typst-math,https://github.com/Lowmst/markdown-it-typst-math,MIT,2025-08-18 16:49:28.000,2025-11-04 05:46:01.000,2025-09-02 14:30:47,17.0,,,,,,3.0,2025-09-03 12:47:01.801,1.1.0,11.0,31.0,6.0,Markdown It plugin that adds Typst math equation rendering.,2.0,2.0,,8,,,,,False,3.0,@lowmst/markdown-it-typst-math,,,https://www.npmjs.com/package/@lowmst/markdown-it-typst-math,2025-09-03 12:47:01.801,,30.0,,,,,,,,,,,,,,,,,,,,,,,,,
167,Typst Side Agent,dbccccccc/Typst-Side-Agent,writing--agent,['extension'],,https://github.com/dbccccccc/Typst-Side-Agent,https://github.com/dbccccccc/Typst-Side-Agent,MIT,2026-04-22 05:18:51.000,2026-08-21 01:59:03.000,2026-08-21 01:59:03,19.0,1.0,,7.0,,1.0,3.0,2026-08-16 07:22:16.000,1.1.0,,,3.0,A multi-step AI assistant for typst.app.,,,3.0,8,,,,,True,2.0,,,11.0,,,,,,,,,,,,,,,,,,,,,,,,,,,,,
168,typst-post,BashfulHippo/typst-post,writing--assist,['runnable'],typst-post,https://github.com/BashfulHippo/typst-post,https://github.com/BashfulHippo/typst-post,MIT,2026-08-03 10:44:27.000,2026-08-08 23:47:04.000,2026-08-08 23:46:27,4.0,,1.0,,,1.0,3.0,2026-08-08 23:47:04.000,0.2.0,,374.0,3.0,"Post-compilation utilities for Typst: booklet imposition, page rotation, reordering, and project packing.",,,,8,https://pypi.org/project/typst-post,2026-08-08 23:47:04,,374.0,True,3.0,,,4.0,,,,,,,,,,,,,,,,,,,,,,,,,,,,,
169,Typst-Embedded-Package,tguichaoua/typst-embedded-package,coding--tooling,['api'],,https://github.com/tguichaoua/typst-embedded-package,https://docs.rs/typst-embedded-package/,MIT,2025-01-09 13:55:21.000,2026-07-26 11:19:25.080,2026-07-26 11:17:33,10.0,2.0,1.0,8.0,,2.0,2.0,2026-07-26 11:19:25.080,0.5.1,,270.3333333333333,6.0,Support to embed typst package to the binary.,,,2.0,8,,,,,True,3.0,,typst-embedded-package,4.0,,,,,https://crates.io/crates/typst-embedded-package,2026-07-26 11:19:25.080,,270.3333333333333,5393.0,,,,,,,,,,,,,,,,,,,,
170,tmagri/TypstEdit,tmagri/TypstEdit,writing--text,['app'],,https://github.com/tmagri/TypstEdit,https://github.com/tmagri/TypstEdit,,2026-01-02 04:27:50.000,2026-08-28 09:03:01.000,2026-08-28 09:02:56,202.0,,1.0,,,3.0,2.0,2026-08-20 08:34:42.000,1.6.6,33.0,4.0,22.0,A native macOS editor for Typst.,,,2.0,8,,,,,True,3.0,,,113.0,,,,,,,,,,,,,,,,,,,,,,,,,,,,,
171,TiefDown Converter,Tiefseetauchner/TiefDownConverter,convert,['runnable'],,https://github.com/Tiefseetauchner/TiefDownConverter,https://github.com/Tiefseetauchner/TiefDownConverter,MIT,2025-02-28 06:10:32.000,2026-07-07 10:04:29.000,2026-06-26 19:08:35,397.0,,1.0,31.0,5.0,11.0,2.0,2025-10-30 02:38:56.488,0.10.0,90.0,16.333333333333336,12.0,Easily set up projects for conversion from Markdown to a diverse set of formats.,,,,8,,,,,True,3.0,,tiefdownconverter,3.0,,,,,https://crates.io/crates/tiefdownconverter,2025-10-30 02:38:56.488,,11.333333333333334,4156.0,,,,,,,,,,,,,,,,,,,,
172,typ-tables,BenGale93/typ-tables,coding--gen,['api'],typ-tables,https://github.com/BenGale93/typ-tables,https://bengale93.github.io/typ-tables/,MIT,2026-03-21 21:06:15.000,2026-06-16 18:34:49.000,2026-06-16 18:34:32,94.0,,,12.0,2.0,9.0,2.0,2026-06-16 18:34:43.000,0.3.1,,15.0,8.0,Generate Typst Tables from DataFrames.,,,,8,https://pypi.org/project/typ-tables,2026-06-16 18:34:43,,15.0,True,3.0,,,8.0,,,,,,,,,,,,,,,-1.0,,,,,,,,,,,,,,
173,sphinx-typst-math,munechika-koyo/sphinx-typst-math,mix,['extension'],sphinx-typst-math,https://github.com/munechika-koyo/sphinx-typst-math,https://munechika-koyo.github.io/sphinx-typst-math/,MIT,2026-08-25 07:46:12.000,2026-08-27 07:54:51.000,2026-08-27 07:54:51,37.0,,,7.0,,,2.0,2026-08-26 07:47:57.000,0.1.0,,113.0,1.0,Render native Typst math as MathML in Sphinx HTML builds.,,,2.0,8,https://pypi.org/project/sphinx-typst-math,,,113.0,True,3.0,,,37.0,,,,,,,,,,,,,,,,,,,,True,,,,,,,,,
174,citation-js/plugin-hayagriva,citation-js/plugin-hayagriva,ref,"['extension', 'api']",,https://github.com/citation-js/plugin-hayagriva,https://github.com/citation-js/plugin-hayagriva,MIT,2023-03-28 22:37:12.000,2024-12-27 13:20:54.000,2024-12-27 13:20:11,13.0,,1.0,,,2.0,,2024-12-27 13:20:31.972,0.1.2,,21.0,3.0,Citation.js plugin for the Hayagriva YAML format used in Typst.,3.0,1.0,,8,,,,,False,2.0,@citation-js/plugin-hayagriva,,,https://www.npmjs.com/package/@citation-js/plugin-hayagriva,2024-12-27 13:20:31.972,2.0,21.0,,,,,,,,,,,,,,,,,,,,,,,,,
175,Typesetter,,writing--text,['app'],,,https://typesetter.trowell.net,GPL-3.0,2025-08-27 08:40:54.000,2026-08-26 00:29:45.000,,,21.0,2.0,,22.0,,313.0,,,,,,Typst editor for focused writing.,,,,7,,,,,True,3.0,,,,,,,,,,,,,,,,,,,,,,,,,,,,haydn/typesetter,https://codeberg.org/haydn/typesetter,,,
176,johannesbrandenburger/typst-mcp,johannesbrandenburger/typst-mcp,writing--agent,['runnable'],,https://github.com/johannesbrandenburger/typst-mcp,https://github.com/johannesbrandenburger/typst-mcp,MIT,2025-04-18 10:16:17.000,2026-04-18 06:50:34.000,2026-04-18 06:50:34,31.0,18.0,2.0,9.0,2.0,1.0,175.0,,,,,,"Typst MCP Server is an MCP (Model Context Protocol) implementation that helps AI models interact with Typst, a markup-..",,,5.0,7,,,,,True,2.0,,,,,,,,,,,,,,,,,,,,,,,,,,,,,,,,
177,Typst as Library,tfachmann/typst-as-library,coding--compiler,,,https://github.com/tfachmann/typst-as-library,https://github.com/tfachmann/typst-as-library,Apache-2.0,2024-01-12 18:59:46.000,2025-11-16 08:32:35.000,2025-11-16 08:32:31,29.0,14.0,1.0,4.0,4.0,5.0,138.0,,,,,,Simple demo that demonstrates how to use typst as a library in Rust.,,,4.0,7,,,,,False,3.0,,,,,,,,,,,,,,,,,,,,,,,,,,,,,,,,
178,Noteworthy,sihooleebd/noteworthy,misc,['runnable'],,https://github.com/sihooleebd/noteworthy,https://noteworthy.benjaminlee.kr,MIT,2025-12-03 13:49:31.000,2026-08-22 07:43:04.000,2026-08-22 07:42:25,233.0,1.0,2.0,8.0,,,120.0,,,,,,A powerful academic framework for typst.,,,2.0,7,,,,,True,2.0,,,8.0,,,,,,,,,,,,,,,,,,,,,,,,,,,,,
179,Typress,ParaN3xus/typress,math,"['runnable', 'web']",,https://github.com/ParaN3xus/typress,https://typress-web.vercel.app,MIT,2024-07-17 11:43:29.000,2025-03-25 09:33:24.000,2025-03-25 09:33:24,151.0,5.0,1.0,4.0,1.0,1.0,107.0,,,,,,Typst Mathematical Expression OCR.,,,4.0,7,,,,,False,3.0,,,,,,,,,,,,,,,,,,,,,,,,,,,,,,,,
180,TypstJlyfish.jl,andreasKroepelin/TypstJlyfish.jl,mix,['extension'],,https://github.com/andreasKroepelin/TypstJlyfish.jl,https://github.com/andreasKroepelin/TypstJlyfish.jl,MIT,2023-08-29 21:31:49.000,2025-11-26 20:43:09.000,2025-11-26 20:43:09,67.0,3.0,5.0,4.0,7.0,3.0,100.0,,,,,,Integrate Julia computations in your Typst document.,,,2.0,7,,,,,False,3.0,,,,,,,,,,,,,,,,,,,,,,,,,,,,,,,,
181,lvignoli/typst-action,lvignoli/typst-action,coding--tooling,,,https://github.com/lvignoli/typst-action,https://github.com/lvignoli/typst-action,MIT,2023-03-28 14:59:32.000,2025-02-16 15:15:54.000,2025-02-16 15:15:54,59.0,19.0,1.0,11.0,7.0,2.0,95.0,2023-05-01 21:40:41.000,0.1,,,2.0,Typst GitHub action.,,,5.0,7,,,,,False,3.0,,,,,,,,,,,,,,,,,,,,,,,,,,,,,,,,
182,frozolotl/tree-sitter-typst,frozolotl/tree-sitter-typst,writing--text,['extension'],,https://github.com/frozolotl/tree-sitter-typst,https://github.com/frozolotl/tree-sitter-typst,EUPL-1.2,2023-03-31 18:52:00.000,2024-01-29 12:57:45.000,2024-01-29 12:57:44,83.0,3.0,6.0,2.0,14.0,4.0,77.0,,,,,,A tree-sitter grammar for the typst typesetting language with a focus on correctness.,,,3.0,7,,,,,False,3.0,,,,,,,,,,,,,,,,,,,,,,,,,,,,,,,,
183,PartyWumpus/typst-concealer,PartyWumpus/typst-concealer,writing--visual,['extension'],,https://github.com/PartyWumpus/typst-concealer,https://github.com/PartyWumpus/typst-concealer,MIT,2024-12-31 05:27:25.000,2026-08-19 08:41:05.000,2026-08-19 08:41:04,40.0,4.0,2.0,3.0,3.0,7.0,63.0,,,,,,A neovim plugin for rendering typst inline using the kitty unicode graphics protocol.,,,3.0,7,,,,,True,3.0,,,2.0,,,,,,,,,,,,,,,,,,,,,,,,,,,,,
184,Kvasir,LDemetrios/Kvasir,writing--text,"['extension', 'multilingual']",,https://github.com/LDemetrios/Kvasir,https://github.com/LDemetrios/Kvasir,Apache-2.0,2024-08-07 11:00:48.000,2026-05-18 14:50:06.000,2026-05-18 14:49:59,60.0,2.0,4.0,,8.0,8.0,54.0,,,,,,Plugin for Typst support in JetBrains platform: https://plugins.jetbrains.com/plugin/25061-kvasir.,,,,7,,,,,True,3.0,,,,,,,,,,,,,,,,,,,,,,,,,,,,,,,,
185,iXORTech/Typstify,iXORTech/Typstify,writing--text,['app'],,https://github.com/iXORTech/Typstify,https://github.com/iXORTech/Typstify,AGPL-3.0,2024-07-27 16:45:32.000,2025-11-25 15:45:29.000,2025-11-25 15:45:29,52.0,4.0,3.0,3.0,3.0,4.0,48.0,,,,,,A Typst Editor for iPad.,,,3.0,7,,,,,False,3.0,,,,,,,,,,,,,,,,,,,,,,,,,,,,,,,,
186,gistd,Myriad-Dreamin/gistd,coding--service,"['web', 'multilingual', 'extension']",,https://github.com/Myriad-Dreamin/gistd,https://gistd.myriad-dreamin.com/,Apache-2.0,2025-09-17 12:08:34.000,2026-06-30 07:55:15.000,2026-06-30 07:55:15,60.0,1.0,1.0,9.0,2.0,11.0,41.0,,,,,,Instantly share typst documents on git and other network storage.,,,3.0,7,,,,,True,2.0,,,4.0,,,,,,,,,,,,,,,,,,,,,,,,,,,,,
187,SeaSlides,touying-typ/seaslides,writing--agent,"['extension', 'multilingual']",,https://github.com/touying-typ/seaslides,https://tylina.github.io/,MIT,2026-08-02 16:31:02.000,2026-08-09 08:52:28.000,2026-08-09 08:52:28,4.0,4.0,,,,,28.0,,,,,,AI skills for presentation slides generation with Typst and Touying.,,,,7,,,,,True,2.0,,,4.0,,,,,,,,,,,,,,,,,,,,,,,,,,,,,
188,Kino,aualbert/kino,misc,"['runnable', 'typst-package']",,https://github.com/aualbert/kino,https://github.com/aualbert/kino,MIT,2025-12-05 10:32:24.000,2025-12-24 08:13:31.000,2025-12-24 08:13:26,45.0,1.0,,,,,27.0,,,,,,A Typst package and utilities for creating animations.,,,,7,,,,,True,2.0,,,,,,,,,,,,,,,,,,,,,,,,,,,,,,,,
189,typst-go-wasm,varunbpatil/typst-go-wasm,coding--compiler,['api'],,https://github.com/varunbpatil/typst-go-wasm,https://github.com/varunbpatil/typst-go-wasm,MIT,2026-05-14 11:50:12.000,2026-06-08 12:53:23.000,2026-06-08 12:53:16,5.0,1.0,,1.0,1.0,,26.0,2026-05-14 11:47:55.000,v0.1.0,,,2.0,"Go library for PDF generation from Typst templates, powered by WebAssembly.",2.0,2.0,1.0,7,,,,,True,3.0,,,1.0,,,,,,,,,,,,,,,,,github.com/varunbpatil/typst-go-wasm,https://pkg.go.dev/github.com/varunbpatil/typst-go-wasm,2026-05-16 05:01:09,,,,,,,,,,
190,Typst Online Editor,Mapaor/typst-online-editor,writing--text,['web'],,https://github.com/Mapaor/typst-online-editor,https://typst-online-editor.vercel.app,MIT,2025-12-29 12:54:31.000,2026-01-05 10:43:45.000,2026-01-05 10:43:45,69.0,8.0,,,1.0,,25.0,,,,,,"Typst online editor, built with NextJS using Typst.ts (Typst WASM compiler).",,,1.0,7,,,,,True,3.0,,,,,,,,,,,,,,,,,,,,,,,,,,,,,,,,
191,Typst: From Zero to Hero,CRStefano/Typst-Handbook-A-Comprehensive-Guide,docs,['multilingual'],,https://github.com/CRStefano/Typst-Handbook-A-Comprehensive-Guide,https://github.com/CRStefano/Typst-Handbook-A-Comprehensive-Guide,CC0-1.0,2026-06-06 03:22:39.000,2026-06-20 11:13:18.000,2026-06-20 11:13:16,23.0,,,,5.0,5.0,23.0,,,,,,Elevate your documentation with this professional Typst manual template. Designed for clarity and performance. Perfect..,,,,7,,,,,True,2.0,,,23.0,,,,,,,,,,,,,,,,,,,,,,,,,,,,,
192,tynding,y-sunflower/tynding,coding--compiler,['api'],,https://github.com/y-sunflower/tynding,https://y-sunflower.github.io/tynding/,,2026-03-17 13:13:55.000,2026-07-06 06:24:06.000,2026-07-06 06:15:04,91.0,,1.0,8.0,5.0,21.0,22.0,2026-05-15 07:16:48.000,0.5.0,1.0,0.0,6.0,Typst bindings for R.,,,1.0,7,,,,,True,3.0,,,12.0,,,,,,,,,,,,,,,,,,,,,,,,,,,,,
193,Typeset,twarge/typeset,writing--text,['app'],,https://github.com/twarge/typeset,https://twarge.com/typeset,Apache-2.0,2026-05-16 18:38:44.000,2026-08-25 11:31:17.000,2026-08-25 11:31:06,50.0,1.0,1.0,,1.0,3.0,16.0,,,,,,Typst document creation for Apple devices.,,,,7,,,,,True,3.0,,,50.0,,,,,,,,,,,,,,,,,,,,,,,,,,,,,
194,CopyLaTeX,Mapaor/copy-latex-firefox-extension,math,['extension'],,https://github.com/Mapaor/copy-latex-firefox-extension,https://mapaor.github.io/copy-latex-firefox-extension/,MIT,2025-08-14 11:30:30.000,2026-08-12 13:14:14.000,2026-08-12 13:03:22,101.0,2.0,,2.0,1.0,1.0,14.0,2026-08-12 13:14:15.000,1.6.4,4.0,0.0,5.0,Firefox and Chrome extensions to quickly copy LaTeX or Typst code from mathematical expressions on the internet.,,,2.0,7,,,,,True,3.0,,,5.0,,,,,,,,,,,,,,,,,,,,,,,,,,,,,
195,TOSS,pku-typst/TOSS,writing--text,"['runnable', 'web']",,https://github.com/pku-typst/TOSS,https://pku-typst.github.io/TOSS/,AGPL-3.0,2026-04-27 09:36:57.000,2026-07-21 03:38:32.000,2026-07-21 03:38:32,238.0,2.0,,20.0,,,13.0,,,,,,Typst Open-Source Server for collaborative editing.,,,2.0,7,,,,,True,3.0,,,44.0,,,,,,,,,,,,,,,,,,,,,,,,,,,,,
196,github-stats-typst,lucifer1004/github-stats-typst,misc,,,https://github.com/lucifer1004/github-stats-typst,https://github.com/lucifer1004/github-stats-typst,MIT,2026-02-07 07:48:15.000,2026-03-01 11:53:55.000,2026-02-07 14:21:18,4.0,,,2.0,,,9.0,2026-02-07 14:08:35.000,1.1.0,,,3.0,Generating GitHub Stats SVGs using Typst.,,,,7,,,,,True,2.0,,,,,,,,,,,,,,,,,,,,,,,,,,,,,,,,
197,d2typ,acture/d2typ,convert,['cli'],,https://github.com/Acture/docpack,https://github.com/Acture/docpack,AGPL-3.0-only,2025-07-19 17:52:11.000,2026-03-06 07:51:25.000,2026-03-06 07:46:53,49.0,1.0,,,,,6.0,2026-03-06 07:53:13.000,0.2.1,26.0,2.0,4.0,🔁 Convert structured data (CSV/JSON/YAML/TOML/XLSX) into Typst syntax for embedding in documents.,,,,7,,,,,True,3.0,,d2typ,,,,,,https://crates.io/crates/d2typ,2025-07-19 20:17:05.228,,,,,,,,,,Acture/docpack,,,,,,,,,,,,,
198,typst-go,hiifong/typst-go,coding--compiler,['api'],,https://github.com/hiifong/typst-go,https://github.com/hiifong/typst-go,,2025-10-16 03:02:49.000,2026-05-10 03:42:43.000,2026-05-10 03:41:23,9.0,,,,,,5.0,2026-05-10 03:54:26.000,0.3.0,,,3.0,Go bindings for Typst.,,,,7,,,,,True,3.0,,,,,,,,,,,,,,,,,,,,github.com/hiifong/typst-go,https://pkg.go.dev/github.com/hiifong/typst-go,2026-05-10 03:41:23,,,,,,,,,,
199,python-markdown-typst,eWloYW8/python-markdown-typst,mix,"['api', 'extension']",markdown-typst,https://github.com/eWloYW8/python-markdown-typst,https://github.com/eWloYW8/python-markdown-typst,MIT,2025-06-10 05:33:39.000,2025-06-11 04:55:15.000,2025-06-11 04:54:01,15.0,,,,,,5.0,2025-06-11 04:55:17.000,0.1.4,4.0,0.0,5.0,A Python Markdown extension for MkDocs that compiles typst fenced code blocks into inline SVG images.,,,,7,https://pypi.org/project/markdown-typst,2025-06-11 04:55:15,,,False,3.0,,,,,,,,,,,,,,,,,,,,,,,,,,,,,,,,
200,typit,megatank58/typit,coding--service,,,https://github.com/megatank58/typit,https://github.com/megatank58/typit,MIT,2025-07-26 04:45:36.000,2026-07-28 03:05:10.000,2026-07-01 08:46:47,27.0,,,3.0,,,4.0,,,,,,Discord bot to compile typst to PNG.,,,4.0,7,,,,,True,2.0,,,4.0,,,,,,,,,,,,,,,,,,,,,,,,,,,,,
201,xudesheng/mdbook-typstpdf,xudesheng/mdbook-typstpdf,convert,['runnable'],,https://github.com/xudesheng/mdbook-typstpdf,https://github.com/xudesheng/mdbook-typstpdf,MIT,2025-03-18 21:24:14.000,2025-12-31 15:28:57.686,2025-06-26 18:19:51,5.0,,1.0,,,,2.0,2025-12-31 15:28:57.686,0.3.0,,9.0,6.0,A limited-purpose tool for converting mdbook projects to PDF using Typst.,,,,7,,,,,False,3.0,,mdbook-typstpdf,,,,,,https://crates.io/crates/mdbook-typstpdf,2025-12-31 15:28:57.686,,9.0,2753.0,,,,,,,,,,,,,,,,,,,,
202,typwire,T1mVo/typwire,wasm,['api'],,https://github.com/T1mVo/typwire,https://github.com/T1mVo/typwire,Apache-2.0,2025-11-24 12:12:45.000,2026-08-25 16:49:04.000,2025-12-15 22:03:33,34.0,,,1.0,,,2.0,2025-12-15 22:04:48.893,0.1.0,,4.0,1.0,An extended CBOR encoder for the Typst plugin system.,,,,7,,,,,True,2.0,,typwire,,,,,,https://crates.io/crates/typwire,2025-12-15 22:04:48.893,,4.0,32.0,,,,,,,,,,,,,,,,,,,,
203,Typst Format Panel,mmaunier/typst-format-panel,writing--text,"['extension', 'multilingual']",,https://github.com/mmaunier/typst-format-panel,https://marketplace.visualstudio.com/items?itemName=mmaunier.typst-format-panel,MIT,2026-08-17 07:46:53.000,2026-08-23 12:27:36.000,2026-08-23 12:27:35,6.0,,,,,,,2026-08-18 17:55:58.000,0.1.5,2.0,2.0,2.0,Interactive side panel for Typst editing in VSCode (bilingual EN/FR).,,,,7,,,,,True,3.0,,,6.0,,,,,,,,,,,,,,,,,,,,,,,,,,,,,
204,apcamargo/typst-skills,apcamargo/typst-skills,writing--agent,['extension'],,https://github.com/apcamargo/typst-skills,https://github.com/apcamargo/typst-skills,,2025-12-22 13:34:16.000,2026-07-08 18:49:39.000,2026-07-08 18:49:34,9.0,11.0,,,1.0,,201.0,,,,,,Agent skills that guide AI agents to write Typst code.,,,,6,,,,,True,2.0,,,2.0,,,,,,,,,,,,,,,,,,,,,,,,,,,,,
205,ox-typst.el,jmpunkt/ox-typst,mix,['extension'],,https://github.com/jmpunkt/ox-typst,https://github.com/jmpunkt/ox-typst,GPL-3.0,2024-01-25 19:09:28.000,2026-05-02 10:09:08.000,2026-05-02 10:09:08,136.0,18.0,2.0,36.0,8.0,13.0,138.0,,,,,,Org-mode to Typst exporter.,,,9.0,6,,,,,True,3.0,,,,,,,,,,,,,,,,,,,,,,,,,,,,,,,,
206,meow_king/typst-ts-mode,,writing--text,['extension'],,,https://codeberg.org/meow_king/typst-ts-mode,GPL-3.0,2024-08-07 03:28:00.000,2026-07-01 04:48:24.000,,,16.0,5.0,,19.0,,61.0,,,,,,Typst tree sitter major mode for Emacs.,,,,6,,,,,True,3.0,,,,,,,,,,,,,,,,,,,,,,,,,,,,meow_king/typst-ts-mode,https://codeberg.org/meow_king/typst-ts-mode,,,
207,al-kot/typst-preview.nvim,al-kot/typst-preview.nvim,writing--text,['extension'],,https://github.com/al-kot/typst-preview.nvim,https://github.com/al-kot/typst-preview.nvim,GPL-3.0,2025-08-17 19:19:57.000,2025-12-15 11:13:40.000,2025-12-15 11:13:40,31.0,6.0,,2.0,1.0,2.0,54.0,,,,,,Live typst preview directly in neovim.,,,3.0,6,,,,,True,3.0,,,,,,,,,,,,,,,,,,,,,,,,,,,,,,,,
208,全球文种的字体与布局,7sDream/fonts-and-layout-zhCN,misc,['non-english'],,https://github.com/7sDream/fonts-and-layout-zhCN,https://7sdream.github.io/fonts-and-layout-zhCN/,,2024-06-01 12:16:00.000,2026-04-19 17:04:53.000,2026-04-19 17:00:58,47.0,3.0,2.0,6.0,1.0,1.0,39.0,2026-04-19 17:07:51.000,release/20260420,278.0,10.0,5.0,《Fonts and Layout for Global Scripts》中文版。一本关于字体设计、Unicode和计算机中复杂文本处理的免费书籍。.,,,3.0,6,,,,,True,3.0,,,,,,,,,,,,,,,,,,,,,,,,,,,,,,,,
209,ExTypst,viniciusmuller/ex_typst,coding--compiler,['api'],,https://github.com/viniciusmuller/ex_typst,https://hexdocs.pm/ex_typst,Apache-2.0,2023-05-20 23:32:50.000,2026-04-22 23:46:02.000,2023-08-06 19:09:33,27.0,10.0,1.0,5.0,3.0,,30.0,,,,,,Elixir bindings and helpers for the typst typesetting system.,,,2.0,6,,,,,False,3.0,,,,,,,,,,,,,,,,,,,,,,,,,,,,,,,,
210,Typstar,arne314/typstar,writing--text,['extension'],,https://github.com/arne314/typstar,https://github.com/arne314/typstar,,2024-11-01 22:51:51.000,2026-08-29 15:08:36.000,2026-07-17 20:09:41,281.0,3.0,1.0,26.0,,2.0,27.0,,,,,,"Neovim plugin for Typst providing auto snippets, Excalidraw & Rnote integration and [standalone] Anki flashcard export.",,,4.0,6,,,,,True,3.0,,,6.0,,,,,,,,,,,,,,,,,,,,,,,,,,,,,
211,typst-docs-web,typst-community/typst-docs-web,docs-infra,"['web', 'multilingual']",,https://github.com/typst-community/typst-docs-web,https://typst-docs-web.netlify.app,Apache-2.0,2025-09-08 03:19:38.000,2026-05-09 05:26:15.000,2026-05-09 05:26:15,37.0,1.0,,36.0,10.0,12.0,17.0,,,,,,Build a website from the documentation JSON file generated by typst-docs.,,,3.0,6,,,,,True,1.0,,,,,,,,,,,,,,,,,,,,,,,,,,,,,,,,
212,typst-hugo,wenbin-liu/typst-hugo,convert,"['cli', 'multilingual']",,https://github.com/wenbin-liu/typst-hugo,https://wenbin-liu.github.io/typst-hugo-demo/,MIT,2025-01-11 03:09:06.000,2025-05-16 13:20:02.000,2025-05-16 13:19:54,42.0,1.0,1.0,1.0,,2.0,17.0,2025-02-04 05:53:01.000,0.1.11,281.0,14.0,7.0,A typst to html compiler for hugo.,,,3.0,6,,,,,False,3.0,,,,,,,,,,,,,,,,,,,,,,,,,,,,,,,,
213,typst-lua,rousbound/typst-lua,coding--compiler,['api'],,https://github.com/rousbound/typst-lua,https://github.com/rousbound/typst-lua,Apache-2.0,2023-05-14 04:34:54.000,2026-05-09 17:05:06.000,2026-05-09 17:05:03,109.0,1.0,3.0,2.0,1.0,,14.0,,,30.0,0.0,2.0,"Lua binding for Typst, a new markup-based typesetting system that is powerful and easy to learn.",,,3.0,6,,,,,True,3.0,,,,,,,,,,,,,,,,,,,,,,,,,,,,,,,,
214,Typst Telegram Bot,daskol/typst-telegram-bot,coding--service,,,https://github.com/daskol/typst-telegram-bot,https://t.me/TypstBot,MIT,2023-04-04 23:30:23.000,2026-04-27 14:54:46.000,2026-04-27 14:54:43,30.0,1.0,1.0,9.0,1.0,5.0,10.0,2024-06-13 10:00:34.000,0.2.1,,,1.0,Render math expression with typst markup language in Telegram.,,,,6,,,,,True,3.0,,,,,,,,,,,,,,,,,,,,,,,,,,,,,,,,
215,TypstGenerator.jl,onecalfman/TypstGenerator.jl,coding--gen,['api'],,https://github.com/onecalfman/TypstGenerator.jl,https://github.com/onecalfman/TypstGenerator.jl,MIT,2023-07-04 14:31:52.000,2024-06-11 00:49:10.000,2023-07-11 14:13:44,29.0,1.0,1.0,4.0,,1.0,10.0,2023-07-11 14:31:50.000,0.1.0,,,2.0,Generate Typst documents with julia.,,,,6,,,,,False,3.0,,,,,,,,,,,,,,,,,,,,,,,,,,,,,,,,
216,codemirror-lang-typst,kxxt/codemirror-lang-typst,writing--text,['extension'],,https://github.com/kxxt/codemirror-lang-typst,https://github.com/kxxt/codemirror-lang-typst,Apache-2.0,2025-07-26 15:10:18.000,2026-08-09 07:21:21.000,2026-08-09 02:43:11,38.0,,2.0,4.0,1.0,1.0,9.0,,,,,1.0,(Experimental) Typst language support for CodeMirror editor.,5.0,5.0,2.0,6,,,,,True,3.0,,,16.0,,,,,,,,,,,,,,,,,,,,,,,,,,,,,
217,Hayagriva Manager,jassielof/hayagriva-manager,ref,['web'],,https://github.com/jassielof/hayagriva-manager,https://hayagriva-manager.jassielof.workers.dev/,AGPL-3.0,2025-06-07 13:56:12.000,2026-08-23 22:54:25.000,2026-08-23 22:52:59,265.0,1.0,,26.0,2.0,1.0,7.0,,,,,,Hayagriva Manager.,,,2.0,6,,,,,True,2.0,,,38.0,,,,,,,,,,,,,,,,,,,,,,,,,,,,,
218,TyKo,LDemetrios/TyKo,coding--gen,"['api', 'multilingual']",,https://github.com/LDemetrios/TyKo,https://github.com/LDemetrios/TyKo,Apache-2.0,2024-02-19 19:31:50.000,2026-03-20 22:55:36.000,2026-03-20 22:55:30,76.0,,1.0,,,1.0,5.0,2026-02-14 02:29:48.000,0.4.0,,,1.0,Kotlin bindings for Typst.,2.0,,,6,,,,,True,3.0,,,,,,,,,,,,,,,,,,,,,,,,org.ldemetrios:tyko-model,https://search.maven.org/artifact/org.ldemetrios/tyko-model,2026-02-14 02:29:48,,,,2.0,,
219,Typst Table Paste,leichaoL/typst-table-paste,convert,"['extension', 'multilingual']",,https://github.com/leichaoL/typst-table-paste,https://marketplace.visualstudio.com/items?itemName=leichaoL.typst-table-paste,MIT,2025-12-21 15:23:12.000,2026-06-06 02:04:28.000,2026-06-06 01:57:18,26.0,1.0,,,,2.0,4.0,2026-01-30 12:50:24.000,0.8.0,7.0,1.0,3.0,A VSCode extension that automatically converts RTF or CSV tables from the clipboard to Typst table syntax. Ideal for..,,,,6,,,,,True,3.0,,,1.0,,,,,,,,,,,,,,,,,,,,,,,,,,,,,
220,Typenaut,BrokenSource/Typenaut,coding--gen,['api'],typenaut,https://github.com/BrokenSource/Typenaut,https://github.com/BrokenSource/Typenaut,,2025-08-26 01:44:18.000,2026-03-31 13:04:58.000,2026-03-31 13:03:51,29.0,,,,,,3.0,2025-08-26 01:41:02.000,0.0.1,,7.0,2.0,🚀 Typst code from python classes for easy templating and extra utilities.,,,,6,https://pypi.org/project/typenaut,2026-03-31 13:04:58,,7.0,True,3.0,,,,,,,,,,,,,,,,,,,,,,,,,,,,,,,,
221,typst-wasm-protocol,sjfhsjfh/typst-wasm,wasm,['api'],,https://github.com/sjfhsjfh/typst-wasm,https://github.com/sjfhsjfh/typst-wasm,MIT,2025-03-03 11:25:44.880,2025-03-09 05:53:47.000,,,,,,,,2.0,2025-03-09 05:52:52.800,0.0.2,,104.33333333333333,2.0,Typst WASM tools.,,,1.0,6,,,,,False,3.0,,typst-wasm-protocol,,,,,,https://crates.io/crates/typst-wasm-protocol,2025-03-09 05:52:52.800,,104.33333333333333,2602.0,,,,,,,,,,,,,,,,,,,,
222,Quill,ReeseHatfield/quill,writing--assist,,,https://github.com/ReeseHatfield/quill,https://github.com/marketplace/actions/quill-typst-validator,MIT,2026-08-13 14:31:56.000,2026-08-13 22:19:55.000,2026-08-13 22:19:50,16.0,,,,2.0,2.0,2.0,2026-08-13 20:28:37.000,1.0.0,,,1.0,A batteries-included workflow for typst code validation.,,,,6,,,,,True,3.0,,,16.0,,,,,,,,,,,,,,,,,,,,,,,,,,,,,
223,typst-cffi,,coding--compiler,['api'],,,https://codeberg.org/sbinet/typst-cffi,BSD-3,2025-10-31 13:22:07.000,2026-07-27 10:52:31.000,,,0.0,1.0,,,,1.0,2026-06-16 12:20:47.644,0.6.0,,17.333333333333332,7.0,C-FFI for Typst.,,,,6,,,,,True,3.0,,typst-cffi,,,,,,https://crates.io/crates/typst-cffi,2026-07-27 08:48:01.573,,17.333333333333332,181.0,,,,,,,,,,,,,,,,sbinet/typst-cffi,https://codeberg.org/sbinet/typst-cffi,,,
224,serialize-typst-value,LinusU/serialize-typst-value,coding--gen,['api'],,https://github.com/LinusU/serialize-typst-value,https://github.com/LinusU/serialize-typst-value,MIT,2025-05-15 10:45:55.000,2025-05-15 11:00:36.000,2025-05-15 11:00:28,3.0,,1.0,,,,,2025-05-15 10:59:45.000,1.0.0,,17.0,1.0,Serialize JavaScript objects to Typst values.,,,,6,,,,,False,3.0,serialize-typst-value,,,https://www.npmjs.com/package/serialize-typst-value,2025-05-15 10:59:26.148,,17.0,,,,,,,,,,,,,,,,,,,,,,,,,
225,typsytex,,convert,['runnable'],typsytex,,https://gitlab.com/nullst/typsytex,,2024-06-25 18:43:09.000,2024-06-28 13:48:28.000,,,0.0,,,,,,2024-06-28 07:15:17.000,1.0.0,,9.0,2.0,A tool that converts typst markup to an equivalent LaTeX code.,,,,6,https://pypi.org/project/typsytex,2024-06-28 13:48:28,,9.0,False,3.0,,,,,,,,,,,,,,,,,,,,,,,,,,,,,,,nullst/typsytex,https://gitlab.com/nullst/typsytex
226,typst2vast,jdkato/typst2vast,convert,"['runnable', 'extension']",,https://github.com/jdkato/typst2vast,https://github.com/jdkato/typst2vast,MIT,2026-08-07 13:08:32.000,2026-08-07 13:23:03.000,2026-08-07 13:19:39,1.0,,,,,,,2026-08-07 13:23:01.267,0.1.0,,123.33333333333333,1.0,"CLI to convert Typst to HTML for Vale, parsing without evaluating.",,,,6,,,,,True,3.0,,typst2vast,1.0,,,,,https://crates.io/crates/typst2vast,2026-08-07 13:23:01.267,,123.33333333333333,370.0,,,,,,,,,,,,,,,,,,,,
227,org-typst-preview.el,remimimimimi/org-typst-preview.el,mix,,,https://github.com/remimimimimi/org-typst-preview.el,https://github.com/remimimimimi/org-typst-preview.el,GPL-3.0,2024-05-21 20:35:47.000,2025-02-14 18:55:40.000,2025-02-14 18:55:39,10.0,9.0,3.0,4.0,5.0,1.0,81.0,,,,,,Preview Typst code blocks in org-mode (not necessarily) buffers.,,,4.0,5,,,,,False,3.0,,,,,,,,,,,,,,,,,,,,,,,,,,,,,,,,
228,SuperMegaFort/TypstEdit,SuperMegaFort/TypstEdit,writing--text,['app'],,https://github.com/SuperMegaFort/TypstEdit,https://github.com/SuperMegaFort/TypstEdit,,2025-12-08 17:37:21.000,2025-12-09 19:36:00.000,2025-12-09 19:35:11,4.0,2.0,2.0,1.0,2.0,1.0,68.0,2025-12-09 19:22:26.000,1.1.0,419.0,52.0,2.0,"A lightweight, native macOS editor for Typst.",,,,5,,,,,True,3.0,,,,,,,,,,,,,,,,,,,,,,,,,,,,,,,,
229,niuiic/typst-preview.nvim,niuiic/typst-preview.nvim,writing--text,['extension'],,https://github.com/niuiic/typst-preview.nvim,https://github.com/niuiic/typst-preview.nvim,MIT,2023-09-17 03:42:02.000,2025-05-19 12:20:26.000,2025-05-19 12:20:26,15.0,2.0,1.0,1.0,1.0,3.0,49.0,,,,,,Neovim plugin to preview typst document.,,,2.0,5,,,,,False,3.0,,,,,,,,,,,,,,,,,,,,,,,,,,,,,,,,
230,leetcode.typ,lucifer1004/leetcode.typ,misc,,,https://github.com/lucifer1004/leetcode.typ,https://lucifer1004.github.io/leetcode.typ/,MIT,2023-04-19 14:46:52.000,2026-01-13 14:08:28.000,2026-01-09 22:11:45,70.0,2.0,1.0,5.0,,,39.0,,,,,,Solving Leetcode problems in Typst.,,,2.0,5,,,,,True,3.0,,,,,,,,,,,,,,,,,,,,,,,,,,,,,,,,
231,Webapp for converting BibTeX to Hayagriva,JonasLoos/bibtex-to-hayagriva-webapp,ref,['web'],,https://github.com/JonasLoos/bibtex-to-hayagriva-webapp,https://jonasloos.github.io/bibtex-to-hayagriva-webapp/,MIT,2023-11-01 13:41:47.000,2026-07-07 11:26:24.000,2026-07-07 11:26:23,21.0,1.0,1.0,2.0,1.0,4.0,34.0,,,,,,A webapp to convert from Bibtex to Hayagriva.,,,2.0,5,,,,,True,2.0,,,1.0,,,,,,,,,,,,,,,,,,,,,,,,,,,,,
232,tyraria,ParaN3xus/tyraria,writing--text,['web'],,https://github.com/ParaN3xus/tyraria,https://tyraria.typs.town/,GPL-3.0,2025-08-17 17:55:01.000,2025-11-28 10:21:43.000,2025-11-28 10:21:39,109.0,2.0,,2.0,4.0,4.0,34.0,,,,,,Recreate the online editing experience of typst.app based on tinymist and typst.ts.,,,2.0,5,,,,,False,3.0,,,,,,,,,,,,,,,,,,,,,,,,,,,,,,,,
233,MDXport,cosformula/mdxport,misc,['web'],,https://github.com/cosformula/mdxport,https://www.mdxport.com/,MIT,2025-12-17 04:20:24.000,2026-05-28 10:47:36.000,2026-05-28 10:47:25,62.0,2.0,1.0,,,,31.0,,,,,,"Markdown to PDF/Cards/Slides, Perfect Typesetting, Powered by Typst.",,,1.0,5,,,,,True,3.0,,,,,,,,,,,,,,,,,,,,,,,,,,,,,,,,
234,MrPicklePinosaur/typst-conceal.vim,MrPicklePinosaur/typst-conceal.vim,writing--visual,['extension'],,https://github.com/MrPicklePinosaur/typst-conceal.vim,https://github.com/MrPicklePinosaur/typst-conceal.vim,MIT,2023-09-26 02:21:23.000,2023-10-13 18:20:36.000,2023-10-13 18:20:17,14.0,1.0,3.0,,2.0,,24.0,,,,,,plugin for typst conceal.,,,1.0,5,,,,,False,3.0,,,,,,,,,,,,,,,,,,,,,,,,,,,,,,,,
235,LaTeX-math-expressions-in-Typst,amanuensisfrances/latex-math-expressions-in-typst,math,['typst-package'],,https://github.com/floristfromnowhere/latex-math-expressions-in-typst,https://github.com/floristfromnowhere/latex-math-expressions-in-typst,MIT,2023-04-03 07:10:23.000,2023-04-03 08:27:06.000,2023-04-03 08:27:06,9.0,1.0,1.0,,1.0,,24.0,,,,,,A collection of Typst math commands/shortcuts defined for the purpose of having the same/similar names as LaTeX math..,,,,5,,,,,False,3.0,,,,,,,,,,,,,,,,,,,floristfromnowhere/latex-math-expressions-in-typst,,,,,,,,,,,,,
236,Bib Kit,MordragT/bib_kit,ref,['extension'],,https://github.com/MordragT/bib_kit,https://github.com/MordragT/bib_kit,MIT,2023-04-16 17:33:29.000,2023-04-21 15:48:36.000,2023-04-21 15:48:33,21.0,,1.0,,3.0,4.0,20.0,,,,,,Provides an firefox extension to create citations in the hayagriva format used by typst.,,,,5,,,,,False,2.0,,,,,,,,,,,,,,,,,,,,,,,,,,,,,,,,
237,nypst,YPares/monurepo,coding--gen,['api'],,https://github.com/YPares/monurepo,https://github.com/YPares/monurepo/tree/master/nypst,,2025-06-11 08:53:45.000,2026-08-24 07:01:54.000,2026-07-15 11:14:54,302.0,,1.0,1.0,,,20.0,,,,,,Generate Typst code programmatically with Nu code.,,,,5,,,,,True,3.0,,,3.0,,,,,,,,,,,,,,,,,,,,,,,,,,,,,
238,peterhellberg/typ,peterhellberg/typ,wasm,['api'],,https://github.com/peterhellberg/typ,https://github.com/peterhellberg/typ,MIT,2024-09-11 17:48:48.000,2025-09-25 15:07:56.000,2025-09-25 15:07:53,29.0,,1.0,,,,20.0,,,,,,"A small Zig ⚡ module, as a convenience for me when writing WebAssembly plugins for Typst.",,,,5,,,,,False,3.0,,,,,,,,,,,,,,,,,,,,,,,,,,,,,,,,
239,mdbook-typst-highlight,sitandr/mdbook-typst-highlight,mix,['cli'],,https://github.com/sitandr/mdbook-typst-highlight,https://github.com/sitandr/mdbook-typst-highlight,MIT,2023-09-24 18:20:16.000,2026-02-06 19:49:31.000,2026-02-06 19:49:31,29.0,2.0,1.0,4.0,1.0,1.0,17.0,2024-01-06 19:12:59.000,0.2.4,339.0,9.0,6.0,Mdbook preprocessor to highlight Typst code (temporary solution until a good highlight.js syntax appears).,,,2.0,5,,,,,True,3.0,,,,,,,,,,,,,,,,,,,,,,,,,,,,,,,,
240,typst-community/typst-install,typst-community/typst-install,coding--tooling,,,https://github.com/typst-community/typst-install,https://github.com/typst-community/typst-install,MIT,2023-12-17 19:31:07.000,2025-10-26 20:55:27.000,2025-10-26 20:55:27,51.0,1.0,1.0,2.0,2.0,3.0,14.0,,,,,,🤖 curl | sh installer script for Typst.,,,3.0,5,,,,,False,3.0,,,,,,,,,,,,,,,,,,,,,,,,,,,,,,,,
241,typst-ppt-addin,johannesber/typst-ppt-addin,mix,"['extension', 'runnable']",,https://github.com/johannesber/typst-ppt-addin,https://github.com/johannesber/typst-ppt-addin,MIT,2025-12-23 10:48:29.000,2026-02-18 15:05:58.000,2026-02-18 15:05:58,12.0,,,1.0,,9.0,13.0,,,,,,PoC: Typst PowerPoint Add-In.,,,,5,,,,,True,3.0,,,,,,,,,,,,,,,,,,,,,,,,,,,,,,,,
242,Typst2Latex,aualbert/typst2latex,convert,['runnable'],,https://github.com/aualbert/typst2latex,https://github.com/aualbert/typst2latex,MIT,2025-11-25 21:11:25.000,2025-12-04 13:47:40.000,2025-12-04 13:47:35,45.0,,,1.0,5.0,,12.0,,,,,,An oppiniated converter from unequivocal-ams typst documents to human-friendly latex.,,,2.0,5,,,,,True,3.0,,,,,,,,,,,,,,,,,,,,,,,,,,,,,,,,
243,mdbook Typst Doc Preprocessor,fenjalien/mdbook-typst-doc,mix,"['cli', 'runnable']",,https://github.com/fenjalien/mdbook-typst-doc,https://www.fenjalien.xyz/mdbook-typst-doc/main/,Apache-2.0,2024-03-08 17:25:55.000,2024-04-14 20:55:06.000,2024-04-14 20:50:01,18.0,,2.0,,,,8.0,2024-04-14 20:56:13.000,0.1.2,31.0,1.0,3.0,An mdbook preprocessor for writing Typst documentation.,,,,5,,,,,False,3.0,,,,,,,,,,,,,,,,,,,,,,,,,,,,,,,,
244,typst-fumadocs,typst-gost/typst-fumadocs,docs-infra,"['runnable', 'web']",,https://github.com/typst-gost/typst-fumadocs,https://typst-gost.github.io/typst-fumadocs/docs,MIT,2025-12-14 19:41:53.000,2026-03-15 16:50:57.000,2025-12-14 20:35:26,12.0,,,1.0,,,7.0,,,,,,Interactive Typst documentation powered by Fumadocs with live code editing and real-time rendering.,,,,5,,,,,True,2.0,,,,,,,,,,,,,,,,,,,,,,,,,,,,,,,,
245,Typer,rkstgr/Typer,writing--agent,,,https://github.com/rkstgr/Typer,https://huggingface.co/rkstgr/typer-1.5b-base-gguf,Apache-2.0,2025-06-11 11:54:59.000,2026-06-03 09:12:45.000,2026-06-03 09:12:44,10.0,,,,,,4.0,,,,,,"Typer is the first LLM trained specifically for Typst, a performant modern typesetting system for generating PDF..",,,,5,,,,,True,3.0,,,1.0,,,,,,,,,,,,,,,,,,,,,,,,,,,,,
246,Typstd,daskol/typstd,writing--text,['extension'],,https://github.com/daskol/typstd,https://github.com/daskol/typstd,Apache-2.0,2024-01-01 00:33:49.000,2024-08-24 21:35:36.000,2024-08-24 21:29:16,23.0,,1.0,,,,4.0,,,,,,A plain and simple language server for Typst markup language.,,,,5,,,,,False,3.0,,,,,,,,,,,,,,,,,,,,,,,,,,,,,,,,
247,Pandoc Typst Catppuccin,13m0n4de/pandoc-typst-catppuccin,convert,['non-english'],,https://github.com/13m0n4de/pandoc-typst-catppuccin,https://13m0n4de.pages.dev/posts/markdown_to_pdf_with_pandoc_and_typst.html,,2025-07-18 20:31:58.000,2026-07-08 16:19:18.000,2026-07-08 16:19:02,23.0,,,,,,4.0,,,,,,使用 Pandoc + Typst 将 Markdown 转换为 PDF 的预配置方案，采用 Catppuccin 配色主题，中文友好。.,,,2.0,5,,,,,True,3.0,,,11.0,,,,,,,,,,,,,,,,,,,,,,,,,,,,,
248,MicheleYin/Typst-Editor,MicheleYin/Typst-Editor,writing--text,['app'],,https://github.com/MicheleYin/Typst-Editor,https://typst-editor-landing-page.vercel.app,MIT,2026-03-15 17:53:17.000,2026-04-16 15:56:57.000,2026-04-08 08:04:18,59.0,,,,1.0,,4.0,,,,,,"Ideally, a tauri based app for typist support.",,,,5,,,,,True,3.0,,,,,,,,,,,,,,,,,,,,,,,,,,,,,,,,
249,Typst Dependency Checker Action,TomVer99/typst-check-deps,coding--tooling,,,https://github.com/TomVer99/typst-check-deps,https://discord.gg/KXuVQnMcdX,MIT,2025-10-18 11:52:35.000,2026-03-16 13:52:31.000,2026-01-14 08:39:01,31.0,,1.0,29.0,4.0,,3.0,2025-10-26 15:12:01.000,0.1.0,,,1.0,An easy to use and automated method to make sure your Typst dependencies/imports are up to date.,,,2.0,5,,,,,True,3.0,,,,,,,,,,,,,,,,,,,,,,,,,,,,,,,,
250,Typst Docs to MDX Converter & Translation Pipeline,typst-gost/typst-mdx-docs,docs-infra,['runnable'],,https://github.com/typst-gost/typst-mdx-docs,https://github.com/typst-gost/typst-mdx-docs,MIT,2025-12-18 23:57:30.000,2025-12-27 11:44:09.000,2025-12-27 11:44:06,6.0,2.0,,,1.0,,3.0,,,,,,"A tool for automated generation, conversion, and localization of Typst documentation.",,,,5,,,,,True,2.0,,,,,,,,,,,,,,,,,,,,,,,,,,,,,,,,
251,Typst 交互式教程,Myriad-Dreamin/interactive-typst-tutorial,docs,"['web', 'non-english']",,https://github.com/Myriad-Dreamin/interactive-typst-tutorial,https://myriad-dreamin.github.io/interactive-typst-tutorial/,Apache-2.0,2026-06-20 13:40:44.000,2026-06-21 15:46:11.000,2026-06-21 15:46:01,6.0,,,,,,3.0,,,,,,Interactive Typst tutorial.,,,,5,,,,,True,2.0,,,6.0,,,,,,,,,,,,,,,,,,,,,,,,,,,,,
252,typst-community/setup-hayagriva,typst-community/setup-hayagriva,ref,,,https://github.com/typst-community/setup-hayagriva,https://github.com/typst-community/setup-hayagriva,MIT,2024-01-29 22:23:22.000,2024-02-06 18:04:05.000,2024-02-06 18:04:04,25.0,,1.0,2.0,,1.0,2.0,2024-02-06 18:02:52.000,1.0.2,,,3.0,🏷️ Installs the Hayagriva CLI for GitHub Actions.,,,,5,,,,,False,2.0,,,,,,,,,,,,,,,,,,,,,,,,,,,,,,,,
253,daktilo,,coding--compiler,['api'],,,https://codeberg.org/sbinet/daktilo,BSD-3-Clause,2025-10-13 16:57:59.000,2026-07-27 11:06:39.000,,,0.0,2.0,,,,1.0,2025-10-25 09:14:56.000,v0.4.0,,,6.0,A simple-minded Cgo interface to Typst with extra Go tools for Typst.,,,,5,,,,,True,3.0,,,,,,,,,,,,,,,,,,,,codeberg.org/sbinet/daktilo,https://pkg.go.dev/codeberg.org/sbinet/daktilo,2025-11-06 14:30:07,,,,,,sbinet/daktilo,https://codeberg.org/sbinet/daktilo,,,
254,Typst Optical Kerning Bench,Hyperrick/typst-optical-kerning-bench,docs,['web'],,https://github.com/Hyperrick/typst-optical-kerning-bench,https://hyperrick.github.io/typst-optical-kerning-bench/,,2026-06-21 15:37:35.000,2026-07-12 15:03:50.000,2026-07-12 15:03:40,64.0,,,,,,1.0,,,,,,Reproducible optical kerning benchmark and preference study for Typst.,,,,5,,,,,True,2.0,,,64.0,,,,,,,,,,,,,,,,,,,,,,,,,,,,,
255,GitHub info on Typst Universe,,docs,['extension'],,,https://greasyfork.org/scripts/541162-github-info-on-typst-universe,MIT License,2025-06-30 03:10:36.000,2026-08-15 15:52:58.000,,,,,,,,,,,,,,Display information about the GitHub repository on typst.app/universe.,,,,5,,,,,True,2.0,,,,,,,,,,,,,541162.0,https://greasyfork.org/scripts/541162,https://update.greasyfork.org/scripts/541162/GitHub%20info%20on%20Typst%20Universe.user.js,2.0,5.0,,,,,,,,,,,,,,,
256,citationberg.js,jcbhmr/citationberg.js,ref,['api'],,https://github.com/jcbhmr/citationberg.js,http://tsdocs.dev/docs/citationberg,MIT,2024-01-04 05:20:03.000,2024-01-16 02:18:02.000,2024-01-16 02:18:00,9.0,,1.0,,1.0,,,2024-01-13 03:44:30.117,0.0.1,,12.0,1.0,🦀 citationberg Rust crate for JavaScript.,,,,5,,,,,False,2.0,citationberg,,,https://www.npmjs.com/package/citationberg,2024-01-13 03:44:30.117,,12.0,,,,,,,,,,,,,,,,,,,,,,,,,
257,typst-community/wasm-zig-typst,typst-community/wasm-zig-typst,wasm,['api'],,https://github.com/typst-community/wasm-zig-typst,https://typst-community.github.io/wasm-zig-typst/,Apache-2.0,2026-04-13 00:02:22.000,2026-07-01 10:56:57.000,2026-04-14 00:03:21,25.0,,,3.0,,,,,,,,,Small Zig module for Typst plugins.,,,2.0,5,,,,,True,3.0,,,,,,,,,,,,,,,,,,,,,,,,,,,,,,,,
258,syntastica-typst,RubixDev/syntastica-typst,misc,['typst-package'],,https://github.com/RubixDev/syntastica-typst,https://github.com/RubixDev/syntastica-typst,GPL-3.0,2023-09-22 08:38:42.000,2025-02-19 20:19:52.000,2025-02-19 20:19:11,4.0,,1.0,,,,33.0,,,,,,Tree-sitter syntax highlighting for code blocks in Typst.,,,,4,,,,,False,3.0,,,,,,,,,,,,,,,,,,,,,,,,,,,,,,,,
259,Typst-Coder,TechxGenus/Typst-Coder,writing--agent,,,https://github.com/TechxGenus/Typst-Coder,https://github.com/TechxGenus/Typst-Coder,Apache-2.0,2024-10-27 15:44:19.000,2024-11-05 18:29:44.000,2024-11-05 18:28:11,1.0,2.0,1.0,,,,32.0,,,,,,Collect relevant data and training models to improve Typst support in AI programming tools.,,,,4,,,,,False,3.0,,,,,,,,,,,,,,,,,,,,,,,,,,,,,,,,
260,Typewriter,,writing--text,['app'],,,https://gitlab.gnome.org/JanGernert/typewriter,GPL-3.0-or-later,2024-08-12 17:29:53.000,2026-03-26 11:02:08.000,,,0.0,,,20.0,4.0,27.0,,,,,1.0,"Create documents with typst, the new markup-based typesetting system that is powerful and easy to learn.",,,,4,,,,,True,3.0,,,,,,,,,,,,,,,,,,,,,,,,,,,,,,,https://gitlab.gnome.org/api/graphql::JanGernert/typewriter,https://gitlab.gnome.org/JanGernert/typewriter
261,typst-mutilate,frozolotl/typst-mutilate,misc,['runnable'],,https://github.com/frozolotl/typst-mutilate,https://github.com/frozolotl/typst-mutilate,EUPL-1.2,2023-07-21 19:33:27.000,2024-09-20 14:43:57.000,2024-09-20 14:43:57,12.0,1.0,1.0,1.0,2.0,,26.0,,,,,,A tool to replace words in a typst document with random garbage.,,,2.0,4,,,,,False,3.0,,,,,,,,,,,,,,,,,,,,,,,,,,,,,,,,
262,TypstBench,rkstgr/TypstBench,writing--agent,['runnable'],,https://github.com/rkstgr/TypstBench,https://github.com/rkstgr/TypstBench,,2025-05-11 15:01:07.000,2025-05-26 09:13:22.000,2025-05-26 09:13:20,44.0,,1.0,,2.0,,22.0,,,,,,Benchmarking LLMs on Typst.,,,,4,,,,,False,3.0,,,,,,,,,,,,,,,,,,,,,,,,,,,,,,,,
263,typst-on-gh,wentam/typst-on-gh,misc,,,https://github.com/wentam/typst-on-gh,https://github.com/wentam/typst-on-gh,,2025-05-29 16:45:49.000,2025-05-31 23:55:34.000,2025-05-31 23:55:32,75.0,1.0,,,,,20.0,,,,,,Tricking GitHub into displaying rendered typst documents.,,,,4,,,,,False,3.0,,,,,,,,,,,,,,,,,,,,,,,,,,,,,,,,
264,Typic,detypstify/typic,math,['web'],,https://github.com/detypstify/typic,http://jachymp.me/typic/,,2024-01-03 21:29:46.000,2025-07-27 01:52:03.000,2024-08-06 00:11:56,175.0,,1.0,44.0,15.0,11.0,18.0,,,,,,Using OCR to convert images of formulas into Typst code.,,,5.0,4,,,,,False,3.0,,,,,,,,,,,,,,,,,,,,,,,,,,,,,,,,
265,lilBchii/Tide,lilBchii/tide,writing--text,['app'],,https://github.com/lilBchii/tide,https://github.com/lilBchii/tide,MPL-2.0,2025-04-27 16:56:53.000,2026-01-07 19:02:48.000,2026-01-07 19:02:28,30.0,,1.0,,,,17.0,,,80.0,5.0,1.0,Typst IDE.,,,2.0,4,,,,,True,3.0,,,,,,,,,,,,,,,,,,,,,,,,,,,,,,,,
266,InkyCap,,misc,['app'],,,http://inkycap.org/,LiLiQ-P-1.1,2026-04-10 04:03:43.000,2026-08-28 22:46:46.000,,,3.0,5.0,,7.0,,17.0,,,,,,"InkyCap Notes is a personal knowledge management (PKM) tool that uses Typst markup. It focuses on academics, writers,..",,,,4,,,,,True,3.0,,,,,,,,,,,,,,,,,,,,,,,,,,,,InkyCap/app,https://codeberg.org/InkyCap/app,,,
267,imprint,gunasekar/imprint,misc,['runnable'],,https://github.com/gunasekar/imprint,https://github.com/gunasekar/imprint,,2026-06-21 16:50:33.000,2026-07-12 11:12:10.000,2026-07-12 11:03:32,24.0,,,,,1.0,16.0,,,,,,"Turn Markdown into branded, typeset PDFs — specs, design docs, and reports that look official.",,,,4,,,,,True,3.0,,,24.0,,,,,,,,,,,,,,,,,,,,,,,,,,,,,
268,Typst PDF Embedder,jheuel/typst_embed_pdf,mix,['runnable'],,https://github.com/jheuel/typst_embed_pdf,https://github.com/jheuel/typst_embed_pdf,MIT,2025-06-03 22:33:29.000,2025-06-03 22:34:37.000,2025-06-03 22:34:34,2.0,,,,1.0,,15.0,,,,,,"A workflow for embedding external PDF pages into Typst documents, preserving selectable text and annotations. It uses..",,,,4,,,,,False,3.0,,,,,,,,,,,,,,,,,,,,,,,,,,,,,,,,
269,ParaN3xus/tex2typ,ParaN3xus/tex2typ,math,['web'],,https://github.com/ParaN3xus/tex2typ,https://paran3xus.github.io/tex2typ/,MIT,2024-07-07 08:20:57.000,2025-01-22 08:08:30.000,2025-01-18 17:19:54,143.0,1.0,1.0,,,1.0,14.0,,,,,,LaTeX math equations to Typst equations conversion.,,,,4,,,,,False,3.0,,,,,,,,,,,,,,,,,,,,,,,,,,,,,,,,
270,Typst MdBook Docs,JL710/typst-mdbook-docs,docs-infra,['runnable'],,https://github.com/JL710/typst-mdbook-docs,https://github.com/JL710/typst-mdbook-docs,MIT,2025-02-25 15:34:56.000,2026-07-01 20:01:11.000,2026-07-01 20:01:10,8.0,2.0,1.0,,1.0,,13.0,,,,,,This tool generates Typst documentation in Markdown and builds an MdBook from it.,,,,4,,,,,True,3.0,,,1.0,,,,,,,,,,,,,,,,,,,,,,,,,,,,,
271,Typst Companion,CFiggers/typst-companion,writing--text,['extension'],,https://github.com/CFiggers/typst-companion,https://github.com/CFiggers/typst-companion,,2023-09-02 02:38:43.000,2026-02-21 20:22:45.000,2026-02-21 20:21:48,24.0,3.0,1.0,3.0,5.0,2.0,11.0,2026-02-21 20:24:59.000,0.0.6,36.0,1.0,6.0,A VS Code extension that adds Markdown-like editing niceties for typst (.typ) files.,,,3.0,4,,,,,True,3.0,,,,,,,,,,,,,,,,,,,,,,,,,,,,,,,,
272,matryoshka,freundTech/typst-matryoshka,coding--compiler,['typst-package'],,https://github.com/freundTech/typst-matryoshka,https://github.com/freundTech/typst-matryoshka,MIT,2024-07-01 16:27:59.000,2025-04-21 20:56:41.000,2024-12-31 10:21:41,25.0,2.0,1.0,44.0,,,11.0,,,,,,Work in progress typst-in-typst plugin.,,,2.0,4,,,,,False,3.0,,,,,,,,,,,,,,,,,,,,,,,,,,,,,,,,
273,TypsTeX,admk/typstex,mix,['api'],,https://github.com/admk/typstex,https://github.com/admk/typstex,MIT,2024-12-21 06:43:42.000,2025-01-22 14:27:37.000,2025-01-22 14:27:36,7.0,2.0,1.0,,,,9.0,,,,,,Embed Typst in LaTeX.,,,,4,,,,,False,3.0,,,,,,,,,,,,,,,,,,,,,,,,,,,,,,,,
274,ParaN3xus/typst-snippets,ParaN3xus/typst-snippets,misc,,,https://github.com/ParaN3xus/typst-snippets,https://github.com/ParaN3xus/typst-snippets,MIT,2025-02-22 11:03:54.000,2025-12-11 15:35:55.000,2025-12-11 15:35:55,33.0,,1.0,,,,8.0,,,,,,ParaN3xuss Typst Snippets.,,,2.0,4,,,,,True,3.0,,,,,,,,,,,,,,,,,,,,,,,,,,,,,,,,
275,@InTypBot / Typst Inline Math Bot,asqarslanov/in-typ-bot,coding--service,,,https://github.com/asqarslanov/in-typ-bot,https://t.me/InTypBot,,2024-11-15 21:53:52.000,2026-06-30 06:56:01.000,2026-06-30 06:55:59,76.0,,1.0,,10.0,3.0,8.0,,,,,,Render Typst markup in Telegram chats.,,,,4,,,,,True,3.0,,,7.0,,,,,,,,,,,,,,,,,,,,,,,,,,,,,
276,Snippyst,Snippyst/frontend,docs,['web'],,https://github.com/Snippyst/frontend,https://snippyst.com,AGPL-3.0,2025-10-25 07:16:11.000,2026-08-27 16:01:11.000,2026-08-27 16:01:03,55.0,,2.0,,,1.0,6.0,,,,,,"An online, free, open-source snippet sharing platform for typst snippets.",,,,4,,,,,True,3.0,,,4.0,,,,,,,,,,,,,,,,,,,,,,,,,,,,,
277,Typstit,alexanderkoller/typstit,mix,['app'],,https://github.com/alexanderkoller/typstit,https://github.com/alexanderkoller/typstit,MIT,2026-04-28 11:04:52.000,2026-04-30 19:39:35.000,2026-04-30 19:39:33,19.0,,1.0,,3.0,11.0,6.0,2026-04-28 19:51:17.000,1.0,23.0,5.0,1.0,Insert Typst snippets into other applications (LaTeXit for Typst).,,,,4,,,,,True,3.0,,,,,,,,,,,,,,,,,,,,,,,,,,,,,,,,
278,Engage-Press/typst-docs,Engage-Press/typst-docs,docs-infra,['runnable'],,https://github.com/Engage-Press/typst-docs,https://github.com/Engage-Press/typst-docs,Apache-2.0,2025-08-02 16:14:17.000,2026-04-18 19:24:18.000,2026-04-18 19:25:14,6.0,1.0,,1.0,,,5.0,,,,,,Tool to build a local mirror of the typst documentation.,,,2.0,4,,,,,True,3.0,,,,,,,,,,,,,,,,,,,,,,,,,,,,,,,,
279,typast,mewmew/typast,convert,['runnable'],,https://github.com/mewmew/typast,https://github.com/mewmew/typast,Apache-2.0,2025-08-26 17:15:23.000,2025-10-11 23:40:23.000,2025-10-11 23:40:22,82.0,,1.0,,,1.0,5.0,,,,,,Parser for Typst.,,,,4,,,,,False,3.0,,,,,,,,,,,,,,,,,,,,github.com/mewmew/typast/cmd/offline-typ,https://pkg.go.dev/github.com/mewmew/typast/cmd/offline-typ,,,,,,,,,,,
280,typstation,vertsineu/typstation,math,['web'],,https://github.com/Vertsineu/typstation,https://vertsineu.github.io/typstation/,MIT,2026-04-13 08:42:05.000,2026-04-15 08:15:05.000,2026-04-15 08:15:02,20.0,,,,,,5.0,,,,,,"An online Typst math equation editor — write, preview, and export formulas in a single page.",,,,4,,,,,True,3.0,,,,,,,,,,,,,,,,,,,,,,,,,,,,,,,,
281,tinymist-clientfeatures.nvim,qwjyh/tinymist-clientfeatures.nvim,writing--text,['extension'],,https://github.com/qwjyh/tinymist-clientfeatures.nvim,https://github.com/qwjyh/tinymist-clientfeatures.nvim,GPL-3.0,2026-01-22 19:22:32.000,2026-01-30 07:40:18.000,2026-01-30 07:39:59,15.0,,,,,,5.0,,,,,,Advanced features mainly for tinymist preview.,,,,4,,,,,True,3.0,,,,,,,,,,,,,,,,,,,,,,,,,,,,,,,,
282,Liliut,Myriad-Dreamin/liliut,misc,['api'],,https://github.com/Myriad-Dreamin/liliut,https://github.com/Myriad-Dreamin/liliut,Apache-2.0,2025-07-02 05:52:43.000,2025-07-03 03:27:56.000,2025-07-03 03:27:53,7.0,,,,,,4.0,,,,,,Liliut (Lilium-Typst) is a Visual Novel Engine powered by Astro and Typst. Liliut (Lilium-Typst) 是一款基于 Astro 和 Typst..,,,2.0,4,,,,,False,3.0,,,,,,,,,,,,,,,,,,,,,,,,,,,,,,,,
283,MoYeRanqianzhi/typst-skill,MoYeRanqianzhi/typst-skill,writing--agent,['extension'],,https://github.com/MoYeRanqianzhi/typst-skill,https://github.com/MoYeRanqianzhi/typst-skill,MIT,2026-03-09 12:27:00.000,2026-05-05 15:40:03.000,2026-05-05 15:39:55,22.0,,,,,,4.0,,,,,,typst skill for agent.,,,2.0,4,,,,,True,3.0,,,,,,,,,,,,,,,,,,,,,,,,,,,,,,,,
284,typst-set-font,YDX-2147483647/typst-set-font,docs,"['web', 'non-english']",,https://github.com/YDX-2147483647/typst-set-font,https://ydx-2147483647.github.io/typst-set-font/,,2025-07-12 16:00:16.000,2026-07-02 02:30:45.000,2026-07-02 02:25:39,99.0,1.0,1.0,37.0,2.0,,3.0,,,,,,Setting Chinese font in Typst. 设置 Typst 中文字体。.,,,2.0,4,,,,,True,3.0,,,11.0,,,,,,,,,,,,,,,,,,,,,,,,,,,,,
285,TypstFFIApp,bingqiao/TypstFFIApp,writing--text,['runnable'],,https://github.com/bingqiao/TypstFFIApp,https://github.com/bingqiao/TypstFFIApp,MIT,2025-06-23 20:08:15.000,2025-06-23 20:15:44.000,2025-06-23 20:13:54,2.0,,,,,,3.0,,,,,,SwiftUI macOS App with Rust Typst FFI Library Demo.,,,,4,,,,,False,3.0,,,,,,,,,,,,,,,,,,,,,,,,,,,,,,,,
286,Typst Extra Docs,typst-community/extra-docs,docs,['web'],,https://github.com/typst-community/extra-docs,https://typst-community.github.io/extra-docs/,,2026-01-25 14:31:03.000,2026-08-29 16:55:35.000,2026-08-29 16:55:20,64.0,,1.0,19.0,1.0,3.0,3.0,,,,,,An unofficial collection of extra official documentations for Typst.,,,2.0,4,,,,,True,3.0,,,22.0,,,,,,,,,,,,,,,,,,,,,,,,,,,,,
287,typst-raw-lang-tags,ultimatile/typst-raw-lang-tags,docs,['runnable'],,https://github.com/ultimatile/typst-raw-lang-tags,https://github.com/ultimatile/typst-raw-lang-tags,Apache-2.0,2026-03-05 07:52:18.000,2026-07-17 19:31:37.000,2026-07-17 19:31:16,11.0,,,5.0,1.0,,3.0,,,,,,Inspect language names and tags accepted by Typst raw code-block highlighting.,,,2.0,4,,,,,True,3.0,,,4.0,,,,,,,,,,,,,,,,,,,,,,,,,,,,,
288,jupytypst,ParaN3xus/jupytypst,misc,['runnable'],,https://github.com/ParaN3xus/jupytypst,https://github.com/ParaN3xus/jupytypst,Apache-2.0,2026-04-30 12:26:11.000,2026-05-01 05:06:08.000,2026-05-01 05:06:02,51.0,,,,,,3.0,,,,,,,,,,4,,,,,True,3.0,,,,,,,,,,,,,,,,,,,,,,,,,,,,,,,,
289,Typst-Automatic-Translation,Yourouchour/Typst-Automatic-Translation,docs-infra,"['extension', 'multilingual']",,https://github.com/Yourouchour/Typst-Automatic-Translation,https://github.com/Yourouchour/Typst-Automatic-Translation,MIT,2025-08-13 09:34:51.000,2025-08-15 04:01:09.000,2025-08-15 04:01:08,29.0,1.0,,7.0,,,2.0,,,,,,Translate English on the typst.app into other languages.,,,2.0,4,,,,,False,3.0,,,,,,,,,,,,,,,,,,,,,,,,,,,,,,,,
290,Adjust Heading in Tree,ffy6511/Adjust-heading-in-tree,writing--visual,"['extension', 'multilingual']",,https://github.com/ffy6511/Adjust-heading-in-tree,https://marketplace.visualstudio.com/items?itemName=ffy6511.adjust-heading-in-tree,MIT,2025-09-30 04:10:23.000,2026-04-30 09:26:07.000,2026-04-30 09:26:04,81.0,1.0,,5.0,,2.0,2.0,2026-01-08 08:20:27.000,0.4.0,5.0,0.0,4.0,在vscode中像操作“块”一样管理Typst、Markdown的内容. Manage the content of Typst and Markdown like operating blocks in vscode.,,,2.0,4,,,,,True,3.0,,,,,,,,,,,,,,,,,,,,,,,,,,,,,,,,
291,Wasm protocol generator (wasmpg),Robotechnic/WebAssembly-protocol-generator,wasm,['runnable'],,https://github.com/Robotechnic/WebAssembly-protocol-generator,https://github.com/Robotechnic/WebAssembly-protocol-generator,MIT,2024-03-20 16:57:14.000,2026-05-25 16:11:32.000,2026-05-25 16:11:32,44.0,2.0,2.0,2.0,,,2.0,,,,,,A simple tool to generate a protocol for a wasm module. It generates functions for c and typst to encode and decode..,,,3.0,4,,,,,True,3.0,,,,,,,,,,,,,,,,,,,,,,,,,,,,,,,,
292,TypM,jassielof/typm,pkg,['runnable'],,https://github.com/jassielof/typm,https://github.com/jassielof/typm,AGPL-3.0,2025-04-19 21:30:53.000,2026-06-24 05:23:28.000,2026-03-23 15:46:43,45.0,,1.0,1.0,,,2.0,,,,,,Prepares a Typst project based on the Typst Manifesto for publication to the official Typst Universe repository.,,,,4,,,,,True,3.0,,,,,,,,,,,,,,,,,,,,,,,,,,,,,,,,
293,typst-docs-l10n,typst-doc-cn/docs,docs-infra,"['runnable', 'api']",,https://github.com/typst-doc-cn/docs,https://github.com/typst-doc-cn/docs,Apache-2.0,2025-03-14 14:42:25.000,2026-03-16 18:10:09.000,2026-03-15 09:40:52,57.0,1.0,,18.0,6.0,14.0,1.0,,,,,,Localization for `typst-docs`.,,,2.0,4,,,,,True,3.0,,,,,,,,,,,,,,,,,,,,,,,,,,,,,,,,
294,typst-community/json-schemas,typst-community/json-schemas,pkg,,,https://github.com/typst-community/json-schemas,https://typst-community.github.io/json-schemas/,MPL-2.0,2025-05-10 04:46:35.000,2026-08-01 13:26:52.000,2026-07-20 00:54:22,65.0,,1.0,7.0,,,1.0,,,,,,JSON Schemas for Typst.,,,2.0,4,,,,,True,3.0,,,9.0,,,,,,,,,,,,,,,,,,,,,,,,,,,,,
295,Typst Basic VS Code Extension,clysto/typst-vscode,writing--text,['extension'],,https://github.com/clysto/typst-vscode,https://github.com/clysto/typst-vscode,MIT,2025-02-26 16:51:36.000,2025-11-16 07:32:50.000,2025-11-16 07:32:42,28.0,,1.0,,,4.0,,,,,,,,,,,4,,,,,False,3.0,,,,,,,,,,,,,,,,,,,,,,,,,,,,,,,,
296,typacker,vanleefxp/typacker,pkg,['runnable'],,https://github.com/vanleefxp/typacker,https://github.com/vanleefxp/typacker,MIT,2025-10-17 12:53:56.000,2025-10-18 02:39:47.000,2025-10-18 02:39:39,2.0,,,,,,,,,,,,A helper script for Typst package development.,,,,4,,,,,False,3.0,,,,,,,,,,,,,,,,,,,,,,,,,,,,,,,,
297,typst-synthform,neruthes/typst-synthform,mix,"['runnable', 'typst-package']",,https://github.com/neruthes/typst-synthform,https://github.com/neruthes/typst-synthform,MIT,2026-03-01 04:11:46.000,2026-03-05 15:46:38.000,2026-03-05 15:46:37,4.0,,,,,,,,,,,,Indirectly create fillable PDF using Typst + LaTeX with 2 steps.,,,,4,,,,,True,3.0,,,,,,,,,,,,,,,,,,,,,,,,,,,,,,,,
298,haya-view-test,YDX-2147483647/haya-view-test,ref,['web'],,https://github.com/YDX-2147483647/haya-view-test,https://ydx-2147483647.github.io/haya-view-test/,Apache-2.0,2026-01-15 10:57:51.000,2026-06-19 23:24:00.000,2026-06-19 23:23:35,22.0,,1.0,2.0,,,,,,,,,View Hayagrivas result against the CSL Test Suite.,,,2.0,4,,,,,True,3.0,,,1.0,,,,,,,,,,,,,,,,,,,,,,,,,,,,,
299,Typst Studio WASM,automataIA/wasm-typst-studio-rs,writing--text,"['runnable', 'web']",,https://github.com/automataIA/wasm-typst-studio-rs,https://automataia.github.io/wasm-typst-studio-rs/,,2025-10-05 13:21:16.000,2026-07-09 18:17:11.000,2026-07-09 18:17:11,9.0,14.0,2.0,,,2.0,57.0,,,,,,"A WASM-powered Typst Studio built with Rust and Leptos. Features real-time document compilation to SVG/PDF, IEEE..",,,2.0,3,,,,,True,3.0,,,3.0,,,,,,,,,,,,,,,,,,,,,,,,,,,,,
300,typst-pandoc,lvignoli/typst-pandoc,convert,['extension'],,https://github.com/lvignoli/typst-pandoc,https://github.com/lvignoli/typst-pandoc,MIT,2023-02-22 22:32:18.000,2023-08-08 12:16:25.000,2023-04-04 20:12:45,6.0,2.0,1.0,2.0,1.0,1.0,48.0,,,,,,Typst custom reader and writer for Pandoc.,,,1.0,3,,,,,False,3.0,,,,,,,,,,,,,,,,,,,,,,,,,,,,,,,,
301,Typst cheat sheet,mewmew/cheat-sheet-typ,docs,,,https://github.com/mewmew/typst-cheat-sheet,https://github.com/mewmew/typst-cheat-sheet/raw/master/cheat-sheet.pdf,0BSD,2025-09-02 10:36:29.000,2025-10-08 20:17:17.000,2025-10-08 20:17:11,16.0,,1.0,,1.0,1.0,29.0,,,,,,Typst cheat sheet.,,,,3,,,,,False,3.0,,,,,,,,,,,,,,,,,,,mewmew/typst-cheat-sheet,,,,,,,,,,,,,
302,Typst To Tex (ttt),,convert,['runnable'],,,https://codeberg.org/TheZoq2/ttt,,2025-03-10 22:04:02.000,2026-04-24 08:44:56.000,,,3.0,2.0,,,,27.0,,,,,0.0,"It compiles a typst document to a latex document doing most of the heavy lifting, and allows you to do the final..",,,,3,,,,,True,3.0,,,,,,,,,,,,,,,,,,,,,,,,,,,,thezoq2/ttt,https://codeberg.org/TheZoq2/ttt,,TheZoq2/ttt,https://gitlab.com/TheZoq2/ttt
303,inktyp,herlev/inktyp,mix,"['extension', 'runnable']",,https://github.com/herlev/inktyp,https://github.com/herlev/inktyp,,2023-04-09 02:11:41.000,2024-05-19 22:52:22.000,2024-05-19 22:52:19,12.0,,1.0,,1.0,,27.0,,,,,,Insert and edit Typst equations in Inkscape.,,,,3,,,,,False,3.0,,,,,,,,,,,,,,,,,,,,,,,,,,,,,,,,
304,Typst Sync,OrangeX4/vscode-typst-sync,pkg,['extension'],,https://github.com/OrangeX4/vscode-typst-sync,https://marketplace.visualstudio.com/items?itemName=OrangeX4.vscode-typst-sync,MIT,2023-10-10 07:28:42.000,2023-11-30 06:09:36.000,2023-11-30 06:09:26,11.0,1.0,1.0,,1.0,1.0,22.0,,,,,,A vscode extension for Typst local packages management and synchronization.,,,2.0,3,,,,,False,3.0,,,,,,,,,,,,,,,,,,,,,,,,,,,,,,,,
305,inkscape2cetz,PhosCity/inkscape2cetz,convert,['extension'],,https://github.com/PhosCity/inkscape2cetz,https://github.com/PhosCity/inkscape2cetz,GPL-3.0,2025-01-11 15:30:29.000,2025-01-17 02:57:02.000,2025-01-17 02:56:41,12.0,,1.0,,,,19.0,,,,,,Inkscape extension to export selected objects to cetz (Typst) format.,,,,3,,,,,False,3.0,,,,,,,,,,,,,,,,,,,,,,,,,,,,,,,,
306,mathyml,,math,['typst-package'],,,https://codeberg.org/akida/mathyml,MIT,2025-02-28 19:10:26.000,2026-03-17 12:19:50.000,,,2.0,2.0,,,,10.0,,,,,,Convert your Typst equations to MathML.,,,,3,,,,,True,3.0,,,,,,,,,,,,,,,,,,,,,,,,,,,,akida/mathyml,https://codeberg.org/akida/mathyml,,,
307,md-typ-pdf,Magi3r/md-typ-pdf,convert,['runnable'],,https://github.com/Magi3r/md-typ-pdf,https://github.com/Magi3r/md-typ-pdf,,2025-11-07 18:29:43.000,2025-11-20 18:52:47.000,2025-11-20 18:50:35,8.0,2.0,,2.0,,2.0,9.0,2025-11-20 18:52:47.000,0.1.1,,,2.0,Convert markdown files to PDF using typst.,,,2.0,3,,,,,False,3.0,,,,,,,,,,,,,,,,,,,,,,,,,,,,,,,,
308,MixTex-OCR-WebRebuild,e-zz/MixTex-OCR-WebRebuild,math,['runnable'],,https://github.com/e-zz/MixTex-OCR-WebRebuild,https://github.com/e-zz/MixTex-OCR-WebRebuild,AGPL-3.0,2025-09-11 13:14:26.000,2025-09-23 23:18:57.000,2025-09-23 23:18:50,22.0,,,,,2.0,7.0,,,,,,文本+公式混合识别模型 MixTeX-Latex-OCR 的网站重构版，支持 Typst 转换 / Rebuilt web GUI of the mixed text and formula recognition model..,,,2.0,3,,,,,False,3.0,,,,,,,,,,,,,,,,,,,,,,,,,,,,,,,,
309,Typst-expert Extension for Gemini-code,kongdd/typst-llm-expert,docs,['extension'],,https://github.com/kongdd/expert-typst,https://github.com/kongdd/expert-typst,,2025-11-26 04:41:46.000,2025-12-14 14:08:53.000,2025-12-14 14:08:49,4.0,,,,,,7.0,,,,,,Typst Expert for Gemini-CLI.,,,,3,,,,,True,3.0,,,,,,,,,,,,,,,,,,,kongdd/expert-typst,,,,,,,,,,,,,
310,typst-font-compare,frozolotl/typst-font-compare,writing--assist,['runnable'],,https://github.com/frozolotl/typst-font-compare,https://github.com/frozolotl/typst-font-compare,EUPL-1.2,2024-02-15 01:36:49.000,2024-04-23 20:50:17.000,2024-04-23 20:49:37,12.0,,1.0,,,,7.0,,,,,,A tool to compare how Typst documents would look using different fonts or font variants.,,,,3,,,,,False,3.0,,,,,,,,,,,,,,,,,,,,,,,,,,,,,,,,
311,php-typst,aszenz/php-typst,coding--compiler,['api'],,https://github.com/aszenz/php-typst,https://github.com/aszenz/php-typst,MIT,2025-02-02 21:10:42.000,2026-03-31 07:22:36.000,2026-03-31 07:22:35,11.0,1.0,1.0,3.0,1.0,,6.0,,,,,,PHP extension for compiling Typst documents.,,,2.0,3,,,,,True,3.0,,,,,,,,,,,,,,,,,,,,,,,,,,,,,,,,
312,Image2Typst,Wellshh/Image2Typst,math,"['runnable', 'web']",,https://github.com/Wellshh/Image2Typst,https://image2-typst.vercel.app,,2025-06-07 07:00:51.000,2025-06-10 10:35:37.000,2025-06-10 10:34:51,9.0,,,,1.0,,6.0,,,,,,"From image to typst math formula, make it easier for academic typst writing.",,,,3,,,,,False,3.0,,,,,,,,,,,,,,,,,,,,,,,,,,,,,,,,
313,dooc_embed_typst,destroyerOfOfficeChairs/dooc_embed_typst,coding--compiler,['api'],,https://github.com/destroyerOfOfficeChairs/dooc_embed_typst,https://github.com/destroyerOfOfficeChairs/dooc_embed_typst,,2025-12-28 02:46:51.000,2026-08-20 03:24:04.000,2026-08-20 03:23:56,3.0,2.0,,,,,5.0,,,,,,"A minimalist, self-contained wrapper for embedding Typst in Rust.",,,,3,,,,,True,3.0,,,1.0,,,,,,,,,,,,,,,,,,,,,,,,,,,,,
314,typtaps,IrregularPersona/TypTaps,writing--text,['runnable'],,https://github.com/IrregularPersona/TypTaps,https://github.com/IrregularPersona/TypTaps,,2025-12-20 13:01:42.000,2026-01-03 14:53:27.000,2026-01-03 14:53:27,14.0,,,,,,5.0,,,,,,A minimal Typst editor with live preview.,,,,3,,,,,True,3.0,,,,,,,,,,,,,,,,,,,,,,,,,,,,,,,,
315,Typst Grammar,michidk/typst-grammar,misc,['extension'],,https://github.com/michidk/typst-grammar,https://github.com/michidk/typst-grammar,Apache-2.0,2024-12-03 10:20:25.000,2025-03-18 15:27:23.000,2025-03-18 15:27:23,10.0,1.0,1.0,8.0,,2.0,4.0,,,,,,An outdated version of Typst grammar in the TextMate format.,,,,3,,,,,False,3.0,,,,,,,,,,,,,,,,,,,,,,,,,,,,,,,,
316,YDX-2147483647/faq-bot,YDX-2147483647/faq-bot,coding--service,['non-english'],,https://github.com/YDX-2147483647/faq-bot,https://bithesis.bitnp.net/guide/ask-computer.html,MIT,2025-05-24 14:44:00.000,2026-06-28 06:18:59.000,2026-06-28 06:16:55,76.0,1.0,1.0,3.0,1.0,1.0,3.0,,,,,,BIThesis 交流群和 Typst 非官方中文交流群的机器人。.,,,2.0,3,,,,,True,3.0,,,2.0,,,,,,,,,,,,,,,,,,,,,,,,,,,,,
317,typeset.live,arashatt/typsy,writing--text,['web'],,https://github.com/arashatt/typsy,https://typeset.live,,2025-08-09 23:51:13.000,2026-03-02 07:52:58.000,2026-03-02 07:52:25,56.0,,,4.0,1.0,,3.0,,,,,,typst in browser.,,,2.0,3,,,,,True,3.0,,,,,,,,,,,,,,,,,,,,,,,,,,,,,,,,
318,Typst PDF embedder (typst-pdf.py),,mix,['runnable'],,,https://gitlab.com/balping/typst-pdf-embedder,,2024-09-08 17:27:06.000,2024-09-08 23:01:20.000,,,0.0,,,,,3.0,,,,,2.0,This repository provides a wrapper around the typst binary that enables embedding pdf files in documents. Vector..,,,,3,,,,,False,3.0,,,,,,,,,,,,,,,,,,,,,,,,,,,,,,,balping/typst-pdf-embedder,https://gitlab.com/balping/typst-pdf-embedder
319,equation-maker,nleanba/equation-maker,math,['runnable'],,https://github.com/nleanba/equation-maker,https://nleanba.ch/txt/2025-06-05-typst-equations.html,,2025-06-05 16:31:26.000,2025-08-11 08:24:17.000,2025-08-11 08:23:59,5.0,,,,,,3.0,,,,,,replace equations in HTML with rendered typst SVGs.,,,,3,,,,,False,3.0,,,,,,,,,,,,,,,,,,,,,,,,,,,,,,,,
320,typst-test-helper.nvim,saecki/typst-test-helper.nvim,coding--tooling,['extension'],,https://github.com/saecki/typst-test-helper.nvim,https://github.com/saecki/typst-test-helper.nvim,,2025-05-06 22:17:38.000,2026-07-06 15:08:02.000,2026-07-06 14:36:59,42.0,,1.0,,,,3.0,,,,,,A neovim plugin that helps managing the typst test suite.,,,,3,,,,,True,3.0,,,1.0,,,,,,,,,,,,,,,,,,,,,,,,,,,,,
321,jcbhmr/typst-docs,jcbhmr/typst-docs,docs-infra,"['web', 'multilingual']",,https://github.com/jcbhmr/typst-docs,https://jcbhmr.me/typst-docs,MIT,2024-01-30 16:12:33.000,2024-04-03 17:34:18.000,2024-04-02 17:37:57,129.0,,1.0,2.0,,,2.0,,,,,,📗 Typst documentation in more languages.,,,2.0,3,,,,,False,3.0,,,,,,,,,,,,,,,,,,,,,,,,,,,,,,,,
322,typst-ansi-web,pgbiel/typst-ansi-web,mix,"['web', 'app']",,https://github.com/PgBiel/typst-ansi-web,https://pgbiel.github.io/typst-ansi-web/,Apache-2.0,2025-07-23 02:51:13.000,2025-07-23 03:41:01.000,2025-07-23 03:40:50,54.0,1.0,,,1.0,1.0,2.0,,,,,,Website to highlight Typst code with ANSI colors.,,,2.0,3,,,,,False,3.0,,,,,,,,,,,,,,,,,,,,,,,,,,,,,,,,
323,typst-package-template (for codeberg/forgejo),,pkg,,,,https://codeberg.org/ensko/typst-package-template,MIT,2025-04-20 10:28:59.000,2026-08-29 21:06:49.000,,,1.0,1.0,,,,2.0,,,,,,A template to start your Typst package repositories from – personal fork.,,,,3,,,,,True,3.0,,,,,,,,,,,,,,,,,,,,,,,,,,,,ensko/typst-package-template,https://codeberg.org/ensko/typst-package-template,,,
324,Serifian,kwangkim/Serifian,writing--text,['app'],,https://github.com/kwangkim/Serifian,https://github.com/kwangkim/Serifian,,2024-11-29 19:05:22.000,2024-12-02 15:21:54.000,2024-12-02 14:50:49,118.0,,,,,,1.0,,,,,,A Typst client for iPadOS.,,,3.0,3,,,,,False,3.0,,,,,,,,,,,,,,,,,,,,,,,,,,,,,,,,
325,pandoc typst setup template,terefang/pandoc-typst-setup-template,convert,['runnable'],,https://github.com/terefang/pandoc-typst-setup-template,https://github.com/terefang/pandoc-typst-setup-template,,2025-06-07 22:47:32.000,2026-07-31 10:17:28.000,2026-07-31 10:16:56,43.0,,,,,,1.0,,,,,,a template to setup a pandoc and typst project for pdf publication.,,,,3,,,,,True,3.0,,,1.0,,,,,,,,,,,,,,,,,,,,,,,,,,,,,
326,typst-undergradmath-zh,tzhtaylor/typst-undergradmath-zh,docs,['non-english'],,https://github.com/tzhtaylor/typst-undergradmath-zh,https://github.com/tzhtaylor/typst-undergradmath-zh,CC-BY-SA-4.0,2023-12-01 05:49:49.000,2026-07-16 06:18:41.000,2026-07-16 06:18:24,20.0,,,,,,1.0,,,,,,A Typst port of undergradmath (in Chinese).,,,2.0,3,,,,,True,3.0,,,1.0,,,,,,,,,,,,,,,,,,,,,,,,,,,,,
327,libtypst,WangHaoZhengMing/libtypst,coding--compiler,['api'],,https://github.com/WangHaoZhengMing/libtypst,https://github.com/WangHaoZhengMing/libtypst,,2026-03-05 12:26:24.000,2026-03-08 04:15:54.000,2026-03-08 04:15:49,15.0,,,1.0,,,1.0,2026-03-05 15:31:55.000,0.1.0,,,1.0,"A C-API bridge for the Typst compiler written in Rust, enabling embedding in C, C++, Swift, and other languages...",,,3.0,3,,,,,True,3.0,,,,,,,,,,,,,,,,,,,,,,,,,,,,,,,,
328,Excel to Typst Converter,hongjr03/excel-to-typst,convert,['web'],,https://github.com/hongjr03/excel-to-typst,https://hongjr03.github.io/excel-to-typst/paste,,2024-12-05 11:54:48.000,2025-02-18 15:10:40.000,2025-02-18 15:10:36,19.0,1.0,1.0,,,,36.0,,,,,,Tool that convert Excel table to Typst table.,,,2.0,2,,,,,False,3.0,,,,,,,,,,,,,,,,,,,,,,,,,,,,,,,,
329,statzhero/typst-skill,statzhero/typst-skill,writing--agent,['extension'],,https://github.com/statzhero/typst-skill,https://github.com/statzhero/typst-skill,,2026-03-31 18:07:02.000,2026-04-30 13:45:46.000,2026-04-30 13:45:45,5.0,2.0,,1.0,,,12.0,,,,,,An LLM skill for modern Typst typesetting (0.14+).,,,,2,,,,,True,3.0,,,,,,,,,,,,,,,,,,,,,,,,,,,,,,,,
330,PPT-AGENT,EMOAIRX/ppt-agent,writing--agent,"['web', 'non-english']",,https://github.com/EMOAIRX/ppt-agent,https://emoairx.github.io/ppt-agent/,,2025-06-29 14:24:08.000,2025-10-09 02:41:57.000,2025-10-09 02:41:57,7.0,2.0,,1.0,,,11.0,,,,,,AI-powered frontend application for creating and editing Typst presentations using natural language commands.,,,2.0,2,,,,,False,3.0,,,,,,,,,,,,,,,,,,,,,,,,,,,,,,,,
331,Days since last Typst editor,sermuns/days-since-last-typst-editor,docs,['web'],,https://github.com/sermuns/days-since-last-typst-editor,http://days-since-last-typst-editor.samake.se/,,2026-07-24 12:00:05.000,2026-08-19 22:49:47.000,2026-08-19 22:49:45,24.0,,2.0,,,2.0,11.0,,,,,,,,,,2,,,,,True,3.0,,,24.0,,,,,,,,,,,,,,,,,,,,,,,,,,,,,
332,Prism-Typst,Mc-Zen/prism-typst,mix,['extension'],,https://github.com/Mc-Zen/prism-typst,https://mc-zen.github.io/prism-typst/,MIT,2024-10-07 14:52:07.000,2025-08-13 18:12:02.000,2025-08-13 18:11:57,16.0,1.0,1.0,2.0,1.0,1.0,10.0,,,,,,Syntax-highlighting Typst code with Prism.,,,2.0,2,,,,,False,3.0,,,,,,,,,,,,,,,,,,,,,,,,,,,,,,,,
333,FujishigeTemma/typst-mcp,FujishigeTemma/typst-mcp,writing--agent,['runnable'],,https://github.com/FujishigeTemma/typst-mcp,https://github.com/FujishigeTemma/typst-mcp,,2025-06-14 02:39:06.000,2025-06-15 18:19:27.000,2025-06-15 18:19:21,4.0,2.0,,1.0,,,9.0,,,,,,,,,,2,,,,,False,3.0,,,,,,,,,,,,,,,,,,,,,,,,,,,,,,,,
334,Typlica,liquidhelium/typlica,docs,"['web', 'multilingual']",,https://github.com/liquidhelium/typlica,https://liquidhelium.github.io/typlica/,,2026-04-18 10:11:04.000,2026-04-20 16:22:00.000,2026-04-20 16:22:00,27.0,1.0,,2.0,1.0,,8.0,,,,,,An interactive Typst exercise platform — bringing a Rustlings-style learning experience to the Typst world.,,,2.0,2,,,,,True,3.0,,,,,,,,,,,,,,,,,,,,,,,,,,,,,,,,
335,Typst Preview - macOS Quick Look Extension,WangHaoZhengMing/typst_preview,misc,"['runnable', 'multilingual']",,https://github.com/WangHaoZhengMing/typst_preview,https://github.com/WangHaoZhengMing/typst_preview,,2026-03-05 16:15:12.000,2026-03-08 03:14:08.000,2026-03-08 03:14:03,27.0,1.0,,2.0,,1.0,5.0,,,,,,"A macOS Quick Look extension for Typst files, integrating the Rust compiler via C bindings for high-performance..",,,4.0,2,,,,,True,3.0,,,,,,,,,,,,,,,,,,,,,,,,,,,,,,,,
336,Citar-Typst,,ref,['extension'],,,https://codeberg.org/ashton314/citar-typst,GPLv3,2025-12-06 00:16:49.000,2026-03-01 23:47:40.000,,,1.0,1.0,,3.0,,4.0,,,,,,Typst support for the Citar package in Emacs.,,,,2,,,,,True,3.0,,,,,,,,,,,,,,,,,,,,,,,,,,,,ashton314/citar-typst,https://codeberg.org/ashton314/citar-typst,,,
337,cslper,csimide/cslper,ref,"['runnable', 'non-english']",,https://github.com/csimide/cslper,https://github.com/csimide/cslper,,2024-03-30 16:41:19.000,2024-05-06 10:01:54.000,2024-05-06 10:01:44,4.0,,1.0,,,,3.0,,,,,,自用的 Typst 引用文献处理脚本（用于处理 `et al.` 和 `等`）.,,,,2,,,,,False,3.0,,,,,,,,,,,,,,,,,,,,,,,,,,,,,,,,
338,Hayagen form UI,SabrinaJewson/hayagen,ref,['web'],,https://github.com/SabrinaJewson/hayagen,https://sabrinajewson.org/hayagen/,,2025-05-05 21:49:58.000,2025-05-27 17:40:38.000,2025-05-27 17:40:10,28.0,1.0,1.0,3.0,,2.0,3.0,,,,,,hayagriva bibliography generator web ui.,,,3.0,2,,,,,False,3.0,,,,,,,,,,,,,,,,,,,,,,,,,,,,,,,,
339,Tanim the Script,WenSimEHRP/tanim,misc,['runnable'],,https://github.com/wensimehrp/tanim,https://github.com/wensimehrp/tanim,,2025-09-15 18:11:37.000,2026-02-02 08:28:55.000,2026-02-02 08:27:06,3.0,,1.0,,,,3.0,,,,,,Animate Typst. See https://github.com/liquidhelium/tanim for a complete CLI program that serves the same purpose.,,,,2,,,,,True,3.0,,,,,,,,,,,,,,,,,,,,,,,,,,,,,,,,
340,Manual de Typst en español,ToniGL68/ayuda-typst,docs,['non-english'],,https://github.com/ToniGL68/ayuda-typst,https://forum.typst.app/t/help-in-spanish-to-start-using-typst-pequeno-manual-de-ayuda-en-espanol-para-empezar-en-typst/2252/4,,2025-01-04 18:10:42.000,2025-01-24 10:28:07.000,2025-01-24 10:27:55,24.0,,2.0,,,,2.0,,,,,,Help in Spanish to start using typst (Pequeño manual de ayuda en español para empezar en typst).,,,,2,,,,,False,3.0,,,,,,,,,,,,,,,,,,,,,,,,,,,,,,,,
341,Typst Studio,,writing--text,['app'],,,https://gitlab.com/gnoooo/typst_studio,,2025-06-16 10:56:15.000,2025-08-29 17:47:48.000,,,0.0,,,28.0,22.0,2.0,,,,,10.0,,,,,2,,,,,False,3.0,,,,,,,,,,,,,,,,,,,,,,,,,,,,,,,gnoooo/typst_studio,https://gitlab.com/gnoooo/typst_studio
342,ThetaOmega01/tex_to_typst,ThetaOmega01/tex_to_typst,math,['runnable'],,https://github.com/ThetaOmega01/tex_to_typst,https://github.com/ThetaOmega01/tex_to_typst,,2025-06-01 15:13:35.000,2025-06-01 16:42:38.000,2025-06-01 16:42:34,9.0,,,,,,2.0,,,,,,Automatically converts standard LaTeX to Typst format via clipboard monitoring using Pandoc.,,,,2,,,,,False,3.0,,,,,,,,,,,,,,,,,,,,,,,,,,,,,,,,
343,Cursor for Typst,sumsupee/cursorfortypst,writing--agent,['web'],,https://github.com/sumsupee/cursorfortypst,https://cursorfortypst.vercel.app,,2026-01-24 17:20:02.000,2026-01-24 20:28:31.000,2026-01-24 20:28:24,10.0,,,,,,2.0,,,,,,A cursor like AI editor for modifying Typst content.,,,,2,,,,,True,3.0,,,,,,,,,,,,,,,,,,,,,,,,,,,,,,,,
344,nimpylib/wasm-minimal-protocol,nimpylib/wasm-minimal-protocol,wasm,['api'],,https://github.com/nimpylib/wasm_minimal_protocol,http://wasm-minimal-protocol.nimpylib.org/,,2026-02-05 15:43:29.000,2026-08-18 18:37:04.000,2026-08-18 08:36:55,60.0,,1.0,,,,2.0,,,,,,A minimal protocol to write typst plugins using Nim.,,,,2,,,,,True,3.0,,,2.0,,,,,,,,,,,,,,,,,,,,,,,,,,,,,
345,typstscript,ChaseRensberger/typstscript,misc,['cli'],,https://github.com/ChaseRensberger/typstscript,https://github.com/ChaseRensberger/typstscript,,2025-03-06 19:16:56.000,2025-07-22 21:04:35.000,2025-07-22 21:04:33,7.0,,1.0,,1.0,,1.0,2025-07-22 20:57:30.000,0.1.0,119.0,9.0,1.0,A CLI tool for creating Typst screenplay projects.,,,,2,,,,,False,3.0,,,,,,,,,,,,,,,,,,,,,,,,,,,,,,,,
346,Typst rules based on ast-grep,YDX-2147483647/ast-grep-typst,writing--assist,"['web', 'cli']",,https://github.com/YDX-2147483647/ast-grep-typst,https://forum.typst.app/t/adding-typst-support-to-ast-grep/5161,,2025-07-22 04:05:38.000,2025-07-22 05:39:28.000,2025-07-22 05:39:15,9.0,,,,,,1.0,,,,,,Typst rules based on ast-grep.,,,,2,,,,,False,3.0,,,,,,,,,,,,,,,,,,,,,,,,,,,,,,,,
347,Equation Renderer,a-for-short/html-typst-equation-renderer,math,['runnable'],,https://github.com/a-for-short/html-typst-equation-renderer,https://github.com/a-for-short/html-typst-equation-renderer,,2025-12-21 14:45:39.000,2025-12-30 12:16:59.000,2025-12-30 12:16:52,7.0,,,,,,1.0,,,,,,Convert equations with Typst syntax in HTML comments to embedded SVG images.,,,,2,,,,,True,3.0,,,,,,,,,,,,,,,,,,,,,,,,,,,,,,,,
348,CSL sanitizer for Hayagriva,typst-doc-cn/csl-sanitizer,ref,"['runnable', 'multilingual']",,https://github.com/typst-doc-cn/csl-sanitizer,https://typst-doc-cn.github.io/csl-sanitizer/,,2025-10-09 08:52:36.000,2026-08-30 05:29:07.000,2026-08-30 05:29:07,101.0,1.0,1.0,28.0,,1.0,1.0,,,,,,CSL sanitizer for Hayagriva——可用于 Hayagriva 的 CSL 样式.,,,2.0,2,,,,,True,3.0,,,12.0,,,,,,,,,,,,,,,,,,,,,,,,,,,,,
349,TypstForm.wl,anandijain/TypstForm.wl,coding--gen,['api'],,https://github.com/anandijain/TypstForm.wl,https://github.com/anandijain/TypstForm.wl,,2025-06-05 21:47:30.000,2025-06-05 23:14:35.000,2025-06-05 23:14:31,8.0,,,,1.0,,1.0,,,,,,Make Typst strings in Wolfram Mathematica.,,,,2,,,,,False,3.0,,,,,,,,,,,,,,,,,,,,,,,,,,,,,,,,
350,typst-function Extension For Quarto,christopherkenny/typst-function,mix,['extension'],,https://github.com/christopherkenny/typst-function,https://github.com/christopherkenny/typst-function,,2024-07-07 02:50:59.000,2025-06-21 02:50:47.000,2025-06-21 02:50:44,9.0,,1.0,,,1.0,19.0,,,,,,A Quarto filter to insert Typst functions from divs and spans.,,,,1,,,,,False,3.0,,,,,,,,,,,,,,,,,,,,,,,,,,,,,,,,
351,typst-notebook,freundTech/typst-notebook,mix,['runnable'],,https://github.com/freundTech/typst-notebook,https://github.com/freundTech/typst-notebook,,2023-08-27 21:31:31.000,2023-08-30 14:18:25.000,2023-08-30 14:18:08,2.0,,2.0,,1.0,,9.0,,,,,,Proof of concept for running jupyter kernels in typst documents.,,,,1,,,,,False,3.0,,,,,,,,,,,,,,,,,,,,,,,,,,,,,,,,
352,Shell Escape for Typst,elteammate/typst-shell-escape,mix,['typst-package'],,https://github.com/elteammate/typst-shell-escape,https://github.com/elteammate/typst-shell-escape,,2023-06-05 10:52:24.000,2023-10-26 18:01:56.000,2023-10-26 18:01:53,2.0,1.0,1.0,,,,9.0,,,,,,Shell Escape for Typst typesetting system. Linux Only.,,,,1,,,,,False,3.0,,,,,,,,,,,,,,,,,,,,,,,,,,,,,,,,
353,gitlab-ci-typst,,coding--tooling,,,,https://gitlab.com/IvanSanchez/gitlab-ci-typst,,2023-05-03 08:52:02.000,2023-12-14 10:20:21.000,,,1.0,,,,,4.0,,,,,0.0,,,,,1,,,,,False,3.0,,,,,,,,,,,,,,,,,,,,,,,,,,,,,,,IvanSanchez/gitlab-ci-typst,https://gitlab.com/IvanSanchez/gitlab-ci-typst
354,typst-gh-action,thehydrogen/typst-gh-action,coding--tooling,,,https://github.com/thehydrogen/typst-gh-action,https://github.com/thehydrogen/typst-gh-action,,2023-06-26 23:32:58.000,2023-06-28 20:04:40.000,2023-06-28 20:04:40,2.0,,1.0,,,,3.0,,,,,,github workflow for automatically building your typst files.,,,,1,,,,,False,3.0,,,,,,,,,,,,,,,,,,,,,,,,,,,,,,,,
355,Zotero for Typst,,ref,['extension'],,,https://marketplace.visualstudio.com/items?itemName=SolidTux.zotero-for-typst,,2023-05-12 11:31:07.000,2024-09-27 11:32:49.000,,,1.0,,,1.0,,2.0,,,,,0.0,Zotero integration for Typst file in VS Code. This requires the Better BibTeX plugin and a running Zotero instance.,,,,1,,,,,False,3.0,,,,,,,,,,,,,,,,,,,,,,,,,,,,,,,SolidTux/zotero-for-typst,https://gitlab.com/SolidTux/zotero-for-typst
356,Typstracer,rjain37/typstracer,docs,['web'],,https://github.com/rjain37/typstracer,https://typstracer.vercel.app,,2024-12-16 01:32:03.000,2025-01-31 15:25:39.000,2025-01-31 15:25:37,58.0,,1.0,1.0,2.0,19.0,2.0,,,,,,A Typst speed typsetting game. See how many famous equations you can replicate in three minutes!.,,,2.0,1,,,,,False,3.0,,,,,,,,,,,,,,,,,,,,,,,,,,,,,,,,
357,bxbibwrite,,ref,"['typst-package', 'non-english']",,,https://gist.github.com/zr-tex8r/444ba5e27b3deff157b4ed7f62a0fe1a,,,,,,,,,,,,,,,,,Typst：文献リストを直書きするやつ.,,,,1,,,,,True,3.0,,,,,,,,,,,,,,,,,,,,,,,,,,,,,,,,
358,TypstPackageManuals,lief-y/TypstPackageManuals,docs,['web'],,https://github.com/lief-y/TypstPackageManuals,https://lief-y.github.io/TypstPackageManuals/,,2024-11-05 02:06:48.000,2024-11-06 02:05:22.000,2024-11-06 02:04:30,2.0,,1.0,,,,,,,,,,"Html Versions of Manuals of Typst Packages (fletcher, ctheorems, cetz-plot).",,,,1,,,,,False,3.0,,,,,,,,,,,,,,,,,,,,,,,,,,,,,,,,
359,typst_docs_summary.txt,,docs,,,,https://gist.github.com/Ayanprogrammer11/dfb420e81685acf68ca4dfa4f3081233,,,,,,,,,,,,,,,,,"A ready to copy-paste file into LLMs, to make them instantly aware of all the areas in Typst. (Trust me, they dont get..",,,,1,,,,,True,3.0,,,,,,,,,,,,,,,,,,,,,,,,,,,,,,,,
360,tip,,writing--visual,['extension'],,,https://git.sr.ht/~mafty/tip,,,,,,,,,,,,,,,,,"Typst Inline Preview, tip, seeks to emulate the fantastic experience of writing latex in org-mode with org-latex-..",,,,1,,,,,True,3.0,,,,,,,,,,,,,,,,,,,,,,,,,,,,,,,,
361,typst-xcc-wrapper,ParaN3xus/typst-xcc-wrapper,wasm,['typst-package'],,https://github.com/ParaN3xus/typst-xcc-wrapper,https://github.com/ParaN3xus/typst-xcc-wrapper,,2026-04-13 04:00:07.000,2026-04-18 06:12:26.000,2026-04-18 06:11:55,12.0,,,,,,,,,,,,,,,,1,,,,,True,3.0,,,,,,,,,,,,,,,,,,,,,,,,,,,,,,,,
362,Typst Universe with Stars,OrangeX4/typst-universe-with-stars,docs,['web'],,https://github.com/OrangeX4/typst-universe-with-stars,https://orangex4.github.io/typst-universe-with-stars/,,2026-03-13 06:24:50.000,2026-03-17 06:33:00.000,2026-03-17 06:32:59,10.0,,,10.0,,,7.0,,,,,,,,,2.0,0,,,,,True,,,,,,,,,,,,,,,,,,,,,,,,,,,,,,,,,
363,typstfun,lvjr/typstfun,docs,,,https://github.com/lvjr/typstfun,https://www.ctan.org/pkg/typstfun,,2024-02-18 07:01:46.000,2024-03-11 13:49:27.000,2024-02-20 13:07:29,2.0,1.0,1.0,1.0,,,2.0,,,,,,List of equivalent Typst function names of LaTeX commands.,,,,0,,,,,False,,,,,,,,,,,,,,,,,,,,,,,,,,,,,,,,,
364,discourse-typst,Heinenen/discourse-typst,coding--service,['extension'],,https://github.com/Heinenen/discourse-typst,https://github.com/Heinenen/discourse-typst,,2024-03-23 10:37:24.000,2025-06-13 00:04:00.000,2025-06-13 00:03:53,30.0,,1.0,,,,2.0,,,,,,,,,2.0,0,,,,,False,,,,,,,,,,,,,,,,,,,,,,,,,,,,,,,,,
365,typst_cxx,,coding--compiler,['api'],,,https://gitlab.com/typst_cxx/typst_cxx,,2023-05-10 21:03:10.000,2026-05-28 22:42:52.000,,,0.0,,,,,2.0,,,,,0.0,,,,,0,,,,,True,,,,,,,,,,,,,,,,,,,,,,,,,,,,,,,,typst_cxx/typst_cxx,https://gitlab.com/typst_cxx/typst_cxx
366,Its-Just-Nans/typst.github.io,Its-Just-Nans/typst.github.io,docs-infra,"['web', 'multilingual']",,,{},,,,,,,,,,,,,,,,,,,,,0,,,,,False,,,,,,,,,,,,,,,,,,,,,,,,,,,,,,,,,
367,Typst CLI Docs,Ayanprogrammer11/typst-cli-docs,docs,['web'],,,{},,,,,,,,,,,,,,,,,,,,,0,,,,,False,,,,,,,,,,,,,,,,,,,,,,,,,,,,,,,,,
368,noClaps/cite,noClaps/cite,ref,['runnable'],,,{},,,,,,,,,,,,,,,,,,,,,0,,,,,False,,,,,,,,,,,,,,,,,,,,,,,,,,,,,,,,,
